"Guid","AccountSource","AnnualRevenue","BillingCity","BillingCountry","BillingEmail__c","BillingGeocodeAccuracy","BillingLatitude","BillingLongitude","BillingPostalCode","BillingState","BillingStreet","CorporateLocations__c","Description","Fax","FranchiseLocations__c","Industry","IsCustomerPortal","Jigsaw","Name","NumberOfEmployees","ParentId","Phone","SBQQ__AssetQuantitiesCombined__c","SBQQ__CoTermedContractsCombined__c","SBQQ__CoTerminationEvent__c","SBQQ__ContractCoTermination__c","SBQQ__DefaultOpportunity__c","SBQQ__IgnoreParentContractedPrices__c","SBQQ__PreserveBundle__c","SBQQ__PriceHoldEnd__c","SBQQ__RenewalModel__c","SBQQ__RenewalPricingMethod__c","SBQQ__TaxExempt__c","ShippingCity","ShippingCountry","ShippingGeocodeAccuracy","ShippingLatitude","ShippingLongitude","ShippingPostalCode","ShippingState","ShippingStreet","SicDesc","TaxID__c","Test_Field__c","Type","Website","blng__BillToContact__c","blng__CustomerProfileId__c","blng__DefaultPaymentType__c","ccrz__CustomField1__c","ccrz__CustomField2__c","ccrz__DataId__c","ccrz__PreventAddrBookSave__c","ccrz__PreventNewAddrCheckout__c","ccrz__PreventNewBillAddrCO__c","ccrz__SourceSystem__c","ccrz__TaxExemptAccount__c","ccrz__UsedByCloudcraze__c"
00f5a40b-5b83-434b-b39e-2a8a5b0e38c7,"#N/A",1.57107E11,Minnetonka,United States,"#N/A","#N/A","#N/A","#N/A",55343-9693,MN,9900 Bren Rd E Ste 300w,"#N/A","Input, Inc. is the leader in Shipping in Minnetonka","#N/A","#N/A",Shipping,false,"#N/A",Skinte,"#N/A","#N/A",1.952.936.1300,false,false,"#N/A",Never,"#N/A",false,true,"#N/A",Contract Based,Same,No,Minneapolis,US,"#N/A","#N/A","#N/A",55440-1459,MN,P.O. BOX 1459,"#N/A","#N/A","#N/A",Customer,"#N/A","#N/A","#N/A","#N/A","#N/A","#N/A","#N/A",false,false,false,"#N/A",false,false
019b6a7a-1c0a-4c6c-b942-362263fb0a86,"#N/A","#N/A","#N/A","#N/A",ap@shakeshak.com,"#N/A","#N/A","#N/A","#N/A","#N/A","#N/A",168.0,"#N/A","#N/A",0.0,Restaurant,false,"#N/A",Shake Shack,"#N/A","#N/A","#N/A",false,false,"#N/A",Never,"#N/A",false,true,"#N/A",Contract Based,Same,No,"#N/A","#N/A","#N/A","#N/A","#N/A","#N/A","#N/A","#N/A","#N/A",12-3456789,"#N/A",Customer,"#N/A","#N/A","#N/A","#N/A","#N/A","#N/A","#N/A",false,false,false,"#N/A",false,false
02b034f4-41c1-41bc-8011-56cb07a6008f,"#N/A",3.46761E10,New York,United States,"#N/A","#N/A","#N/A","#N/A",10017-4108,NY,708 3rd Ave Rm 1500,"#N/A",First Response Relief Services is the leader in Non Profit in New York,"#N/A","#N/A",Non Profit,false,"#N/A",Browsetype,"#N/A","#N/A",1.212.485.3500,false,false,"#N/A",Never,"#N/A",false,true,"#N/A",Contract Based,Same,No,"#N/A","#N/A","#N/A","#N/A","#N/A","#N/A","#N/A",708 3rd Ave Rm 1500,"#N/A","#N/A","#N/A",Customer,"#N/A","#N/A","#N/A","#N/A","#N/A","#N/A","#N/A",false,false,false,"#N/A",false,false
0380d4fc-18b1-4c0f-9ab0-48b2db9470d8,"#N/A",5.6771552999E10,Boise,United States,"#N/A","#N/A","#N/A","#N/A",83706-3999,ID,250 E Parkcenter Blvd,"#N/A",Spruik Communications is the leader in Communications in Boise,"#N/A","#N/A",Communications,false,"#N/A",Skyvu,"#N/A","#N/A",1.208.395.6200,false,false,"#N/A",Never,"#N/A",false,true,"#N/A",Contract Based,Same,No,"#N/A","#N/A","#N/A","#N/A","#N/A","#N/A","#N/A","#N/A","#N/A","#N/A","#N/A",Prospect,"#N/A","#N/A","#N/A","#N/A","#N/A","#N/A","#N/A",false,false,false,"#N/A",false,false
06bdeec8-0b00-48d5-a82a-905cbc580ebf,"#N/A",6.26746894E8,Chatswood,Australia,"#N/A","#N/A","#N/A","#N/A",2057,NSW,6/14-16 Freeman Rd,"#N/A",Omni Consimer Products is the leader in Government in Chatswood,"#N/A","#N/A",Government,false,"#N/A",Mynte,"#N/A","#N/A",(02) 6453 6240,false,false,"#N/A",Never,"#N/A",false,true,"#N/A",Contract Based,Same,No,Chatswood,Australia,"#N/A","#N/A","#N/A",2057,NSW,6/14-16 Freeman Rd,"#N/A","#N/A","#N/A",Customer,"#N/A","#N/A","#N/A","#N/A","#N/A","#N/A","#N/A",false,false,false,"#N/A",false,false
0725d7f8-dcbb-4868-aa45-c043d1ec9e45,"#N/A","#N/A","#N/A","#N/A",thisemail@test.com,"#N/A","#N/A","#N/A","#N/A","#N/A","#N/A","#N/A","#N/A","#N/A","#N/A","#N/A",false,"#N/A",18Oct Account,"#N/A","#N/A",5555555556,false,false,"#N/A",Never,"#N/A",false,true,"#N/A",Contract Based,Same,No,"#N/A","#N/A","#N/A","#N/A","#N/A","#N/A","#N/A","#N/A","#N/A","#N/A","#N/A",Other,"#N/A","#N/A","#N/A","#N/A","#N/A","#N/A","#N/A",false,false,false,"#N/A",false,false
07881e10-8e23-4ab3-980e-ff3152fae21c,"#N/A",5.4289E10,Louisville,United States,"#N/A","#N/A","#N/A","#N/A",40202-4268,KY,500 W Main St Ste 300,"#N/A",Ankh-Sto Associates is the leader in Apparel in Louisville,"#N/A","#N/A",Apparel,false,"#N/A",Topicblab,"#N/A","#N/A",1.502.580.1000,false,false,"#N/A",Never,"#N/A",false,true,"#N/A",Contract Based,Same,No,Louisville,US,"#N/A","#N/A","#N/A",40214-0601,KY,P.O. BOX 14601,"#N/A","#N/A","#N/A",Customer,"#N/A","#N/A","#N/A","#N/A","#N/A","#N/A","#N/A",false,false,false,"#N/A",false,false
0a5b812a-d57a-45ad-abaa-4465b1a265eb,"#N/A",3.4292E10,Dallas,United States,"#N/A","#N/A","#N/A","#N/A",75225-6142,TX,8111 Westchester Dr # 600,"#N/A",Mammoth Pictures is the leader in Media in Dallas,"#N/A","#N/A",Media,false,"#N/A",Fliptune,"#N/A","#N/A",1.214.981.0700,false,false,"#N/A",Never,"#N/A",false,true,"#N/A",Contract Based,Same,No,"#N/A","#N/A","#N/A","#N/A","#N/A","#N/A","#N/A","#N/A","#N/A","#N/A","#N/A",Customer,"#N/A","#N/A","#N/A","#N/A","#N/A","#N/A","#N/A",false,false,false,"#N/A",false,false
0b7d7759-4eb3-40bf-a14b-187b426dfde9,"#N/A",8.7804E10,San Antonio,United States,"#N/A","#N/A","#N/A","#N/A",78249-1616,TX,1 Valero Way,"#N/A",Feed the Kids is the leader in Non Profit in San Antonio,"#N/A","#N/A",Non Profit,false,"#N/A",Feedbug,"#N/A","#N/A",1.210.345.2000,false,false,"#N/A",Never,"#N/A",false,true,"#N/A",Contract Based,Same,No,San Antonio,US,"#N/A","#N/A","#N/A",78269-6000,TX,P.O. BOX 696000,"#N/A","#N/A","#N/A",Prospect,"#N/A","#N/A","#N/A","#N/A","#N/A","#N/A","#N/A",false,false,false,"#N/A",false,false
0fb9dcae-8e41-4f2e-86a6-0afe5eade26f,"#N/A",1.5566896E7,Flushing,United States,"#N/A","#N/A","#N/A","#N/A",11355,NY,066 Grayhawk Road,"#N/A","#N/A","#N/A","#N/A",Utilities,false,"#N/A",Wordware,"#N/A","#N/A","#N/A",false,false,"#N/A",Never,"#N/A",false,true,"#N/A",Contract Based,Same,No,"#N/A","#N/A","#N/A","#N/A","#N/A","#N/A","#N/A","#N/A","#N/A","#N/A","#N/A",Prospect,"#N/A","#N/A","#N/A","#N/A","#N/A","#N/A","#N/A",false,false,false,"#N/A",false,false
11135c7f-cc58-4d45-bb45-45aa3244c4c7,"#N/A",2.7079E10,Cincinnati,United States,"#N/A","#N/A","#N/A","#N/A",45202-2424,OH,7 W 7th St,"#N/A",Capitol Museum of Art is the leader in Non Profit in Cincinnati,"#N/A","#N/A",Non Profit,false,"#N/A",Quinu,"#N/A","#N/A",1.513.579.7000,false,false,"#N/A",Never,"#N/A",false,true,"#N/A",Contract Based,Same,No,"#N/A","#N/A","#N/A","#N/A","#N/A","#N/A","#N/A",701 W Georgia St,"#N/A","#N/A","#N/A",Customer,"#N/A","#N/A","#N/A","#N/A","#N/A","#N/A","#N/A",false,false,false,"#N/A",false,false
11b17aa3-33f2-438c-805f-7698cc2e754a,"#N/A",8.8519E10,Atlanta,United States,"#N/A","#N/A","#N/A","#N/A",30339-1834,GA,2455 Paces Ferry Rd SE,"#N/A","Cashless Systems, Inc. is the leader in Services in Atlanta","#N/A","#N/A",Services,false,"#N/A",Edgeclub,"#N/A","#N/A",1.770.433.8211,false,false,"#N/A",Never,"#N/A",false,true,"#N/A",Contract Based,Same,No,Atlanta,US,"#N/A","#N/A","#N/A",30348-5715,GA,P.O. BOX 105715,"#N/A","#N/A","#N/A",Customer,"#N/A","#N/A","#N/A","#N/A","#N/A","#N/A","#N/A",false,false,false,"#N/A",false,false
11dcd51c-0534-48e0-a1e2-7635840bc51a,"#N/A",7.76395463E8,Paris,France,"#N/A","#N/A","#N/A","#N/A","#N/A",Paris,"16, bd des Italiens","#N/A",SS South is the leader in Healthcare in Paris,"#N/A","#N/A",Healthcare,false,"#N/A",Voolia,"#N/A","#N/A","#N/A",false,false,"#N/A",Never,"#N/A",false,true,"#N/A",Contract Based,Same,No,"#N/A","#N/A","#N/A","#N/A","#N/A","#N/A","#N/A","#N/A","#N/A","#N/A","#N/A",Customer,"#N/A","#N/A","#N/A","#N/A","#N/A","#N/A","#N/A",false,false,false,"#N/A",false,false
11f86bd2-8313-4efb-9873-0ae30b35f70a,"#N/A",5.9074E10,Mooresville,United States,"#N/A","#N/A","#N/A","#N/A",28117-8520,NC,1000 Lowes Blvd,"#N/A",Finley Companies is the leader in Consumer Goods in Mooresville,"#N/A","#N/A",Consumer Goods,false,"#N/A",Tazzy,"#N/A","#N/A",1.704.758.1000,false,false,"#N/A",Never,"#N/A",false,true,"#N/A",Contract Based,Same,No,Mooresville,US,"#N/A","#N/A","#N/A",28115-1000,NC,P.O. BOX 1000,"#N/A","#N/A","#N/A",Prospect,"#N/A","#N/A","#N/A","#N/A","#N/A","#N/A","#N/A",false,false,false,"#N/A",false,false
11f964fb-f4f9-44aa-94b8-fa04f41c1070,"#N/A",6.524859542E9,Palo Alto,United States,"#N/A","#N/A","#N/A","#N/A",35265,CA,3500 Deer Creek Road,"#N/A",123 Warehousing is the leader in Shipping in Palo Alto,"#N/A","#N/A",Shipping,false,"#N/A",Camimbo,"#N/A","#N/A",5552652358,false,false,"#N/A",Never,"#N/A",false,true,"#N/A",Contract Based,Same,No,"#N/A","#N/A","#N/A","#N/A","#N/A","#N/A","#N/A","#N/A","#N/A","#N/A","#N/A",Customer,"#N/A","#N/A","#N/A","#N/A","#N/A","#N/A","#N/A",false,false,false,"#N/A",false,false
120341ec-0407-4a7e-8735-24750b718b17,"#N/A",2.3697E10,New York,United States,"#N/A","#N/A","#N/A","#N/A",10023-5860,NY,60 Columbus Cir FL 17,"#N/A",Thrift Bank is the leader in Finance in New York,"#N/A","#N/A",Finance,false,"#N/A",Jaxworks,"#N/A","#N/A",1.212.364.8200,false,false,"#N/A",Never,"#N/A",false,true,"#N/A",Contract Based,Same,No,"#N/A","#N/A","#N/A","#N/A","#N/A","#N/A","#N/A",6/10 Mount St,"#N/A","#N/A","#N/A",Customer,"#N/A","#N/A","#N/A","#N/A","#N/A","#N/A","#N/A",false,false,false,"#N/A",false,false
1295a79b-540a-4c43-9e33-ea6db5bda87f,"#N/A","#N/A","#N/A","#N/A",accounting@ihg.com.invalid.invalid.invalid.invalid.invalid,"#N/A","#N/A","#N/A","#N/A","#N/A","#N/A",2950.0,"#N/A","#N/A",3000.0,Hospitality,false,"#N/A",IHG Hotels & Resorts,9636,"#N/A","#N/A",false,false,"#N/A",Never,"#N/A",false,true,"#N/A",Contract Based,Same,No,"#N/A","#N/A","#N/A","#N/A","#N/A","#N/A","#N/A","#N/A","#N/A",30-0077474,"#N/A",Prospect,"#N/A","#N/A","#N/A","#N/A","#N/A","#N/A","#N/A",false,false,false,"#N/A",false,false
169184b7-cbdd-4e92-9c86-d0ec77b0d290,"#N/A","#N/A","#N/A","#N/A","#N/A","#N/A","#N/A","#N/A","#N/A","#N/A","#N/A","#N/A","#N/A","#N/A","#N/A","#N/A",false,"#N/A",Sample Account for Entitlements,"#N/A","#N/A","#N/A",false,false,"#N/A",Never,"#N/A",false,false,"#N/A","#N/A",Same,No,"#N/A","#N/A","#N/A","#N/A","#N/A","#N/A","#N/A","#N/A","#N/A","#N/A","#N/A","#N/A","#N/A","#N/A","#N/A","#N/A","#N/A","#N/A","#N/A",false,false,false,"#N/A",false,false
18d8ad3e-ff5c-4693-be3b-b16fec484f41,"#N/A",2.35005519E8,Cecil Hills,Australia,"#N/A","#N/A","#N/A","#N/A",2171,NSW,19 Airlie Cr,"#N/A",NC North is the leader in Healthcare in Cecil Hills,"#N/A","#N/A",Healthcare,false,"#N/A",Thoughtworks,"#N/A","#N/A",(02) 8210 6814,false,false,"#N/A",Never,"#N/A",false,true,"#N/A",Contract Based,Same,No,Cecil Hills,Australia,"#N/A","#N/A","#N/A",2171,NSW,19 Airlie Cr,"#N/A","#N/A","#N/A",Customer,"#N/A","#N/A","#N/A","#N/A","#N/A","#N/A","#N/A",false,false,false,"#N/A",false,false
1aa66216-fc07-40d2-93a5-f4d2cebedaf3,"#N/A",8.0231577E7,Bavaria,Germany,"#N/A","#N/A","#N/A","#N/A",80333,Munich,Wittelsbacherplatz 2,"#N/A",Virtucon is the leader in Banking in Bavaria,"#N/A","#N/A",Banking,false,"#N/A",Aivee,"#N/A","#N/A","#N/A",false,false,"#N/A",Never,"#N/A",false,true,"#N/A",Contract Based,Same,No,"#N/A","#N/A","#N/A","#N/A","#N/A","#N/A","#N/A",6/10 Mount St,"#N/A","#N/A","#N/A",Customer,"#N/A","#N/A","#N/A","#N/A","#N/A","#N/A","#N/A",false,false,false,"#N/A",false,false
1b8b70db-9ea3-48a1-b0c5-5ad77f491768,"#N/A",7.0074E10,New Brunswick,United States,"#N/A","#N/A","#N/A","#N/A",08933-0002,NJ,1 Johnson and Johnson Plz,"#N/A",Budgetworks is the leader in Financial Services in New Brunswick,"#N/A","#N/A",Financial Services,false,"#N/A",Blognation,"#N/A","#N/A",1.732.524.0400,false,false,"#N/A",Never,"#N/A",false,true,"#N/A",Contract Based,Same,No,Neenah,US,"#N/A","#N/A","#N/A",54957-0767,WI,P.O. BOX 767,"#N/A","#N/A","#N/A",Customer,"#N/A","#N/A","#N/A","#N/A","#N/A","#N/A","#N/A",false,false,false,"#N/A",false,false
1b8d74dc-4925-4238-a0c2-dd630cac9fa4,"#N/A",2.90807169E8,Algester,Australia,"#N/A","#N/A","#N/A","#N/A",4115,QLD,16 Hinterland Cr,"#N/A",McMahon and Tate is the leader in Machinery in Algester,"#N/A","#N/A",Machinery,false,"#N/A",Meejo,"#N/A","#N/A",(07) 6586 8516,false,false,"#N/A",Never,"#N/A",false,true,"#N/A",Contract Based,Same,No,Algester,Australia,"#N/A","#N/A","#N/A",4115,QLD,16 Hinterland Cr,"#N/A","#N/A","#N/A",Customer,"#N/A","#N/A","#N/A","#N/A","#N/A","#N/A","#N/A",false,false,false,"#N/A",false,false
1e983a7e-f935-40dc-9394-9f99a5de3d3c,"#N/A",9351157.0,Lafayette,United States,"#N/A","#N/A","#N/A","#N/A",47905,IN,0526 Hauk Plaza,"#N/A","#N/A","#N/A","#N/A",Energy,false,"#N/A",Thoughtsphere,"#N/A","#N/A","#N/A",false,false,"#N/A",Never,"#N/A",false,true,"#N/A",Contract Based,Same,No,"#N/A","#N/A","#N/A","#N/A","#N/A","#N/A","#N/A","#N/A","#N/A","#N/A","#N/A",Prospect,"#N/A","#N/A","#N/A","#N/A","#N/A","#N/A","#N/A",false,false,false,"#N/A",false,false
1ec93c6c-5a9b-46bd-a126-479b0e2f4d08,"#N/A",3.4441E10,New York,United States,"#N/A","#N/A","#N/A","#N/A",10285-0002,NY,200 Vesey St,"#N/A",Walken Group is the leader in Consumer Goods in New York,"#N/A","#N/A",Consumer Goods,false,"#N/A",JumpXS,"#N/A","#N/A",1.212.640.2000,false,false,"#N/A",Never,"#N/A",false,true,"#N/A",Contract Based,Same,No,"#N/A","#N/A","#N/A","#N/A","#N/A","#N/A","#N/A","#N/A","#N/A","#N/A","#N/A",Prospect,"#N/A","#N/A","#N/A","#N/A","#N/A","#N/A","#N/A",false,false,false,"#N/A",false,false
1f153ecd-0fe3-4c6a-a7f7-661d4dfd10e3,"#N/A",3.7179E10,Milwaukee,United States,"#N/A","#N/A","#N/A","#N/A",53209-4408,WI,5757 N Green Bay Ave,"#N/A",General Forge and Foundry is the leader in Machinery in Milwaukee,"#N/A","#N/A",Machinery,false,"#N/A",Voomm,"#N/A","#N/A",1.414.524.1200,false,false,"#N/A",Never,"#N/A",false,true,"#N/A",Contract Based,Same,No,Milwaukee,US,"#N/A","#N/A","#N/A",53201-0591,WI,P.O. BOX 591,"#N/A","#N/A","#N/A",Prospect,"#N/A","#N/A","#N/A","#N/A","#N/A","#N/A","#N/A",false,false,false,"#N/A",false,false
1f91e051-2cbc-4d63-a978-a3bc1f4d4974,"#N/A",2.9111322E7,Savannah,United States,"#N/A","#N/A","#N/A","#N/A",31410,GA,50137 Brickson Park Alley,"#N/A","#N/A","#N/A","#N/A",Consulting,false,"#N/A",Pixope,"#N/A","#N/A","#N/A",false,false,"#N/A",Never,"#N/A",false,true,"#N/A",Contract Based,Same,No,"#N/A","#N/A","#N/A","#N/A","#N/A","#N/A","#N/A","#N/A","#N/A","#N/A","#N/A",Prospect,"#N/A","#N/A","#N/A","#N/A","#N/A","#N/A","#N/A",false,false,false,"#N/A",false,false
1fec62f4-b882-49b5-b174-4c714659b1f4,"#N/A",3.9528E10,Richfield,United States,"#N/A","#N/A","#N/A","#N/A",55423-3683,MN,7601 Penn Ave S,"#N/A","Kustodial Services, LLC is the leader in Services in Richfield","#N/A","#N/A",Services,false,"#N/A",Avaveo,"#N/A","#N/A",1.612.291.1000,false,false,"#N/A",Never,"#N/A",false,true,"#N/A",Contract Based,Same,No,"#N/A","#N/A","#N/A","#N/A","#N/A","#N/A","#N/A","#N/A","#N/A","#N/A","#N/A",Customer,"#N/A","#N/A","#N/A","#N/A","#N/A","#N/A","#N/A",false,false,false,"#N/A",false,false
21a1e7c8-a2dc-4503-b1c9-f22cefa98d52,"#N/A",1.49558E11,Dearborn,United States,"#N/A","#N/A","#N/A","#N/A",48126-2701,MI,1 American Rd,"#N/A","Tension, Inc. is the leader in Energy in Dearborn","#N/A","#N/A",Energy,false,"#N/A",Gabtype,"#N/A","#N/A",1.313.322.3000,false,false,"#N/A",Never,"#N/A",false,true,"#N/A",Contract Based,Same,No,Dearborn,US,"#N/A","#N/A","#N/A",48121-0685,MI,P.O. BOX 685,"#N/A","#N/A","#N/A",Customer,"#N/A","#N/A","#N/A","#N/A","#N/A","#N/A","#N/A",false,false,false,"#N/A",false,false
233f0b1a-050e-44aa-9620-8148e133d08c,"#N/A",1.01006E11,New York,United States,"#N/A","#N/A","#N/A","#N/A",10017-2014,NY,270 Park Ave,"#N/A",Human Rights Defense Fund is the leader in Non Profit in New York,"#N/A","#N/A",Non Profit,false,"#N/A",Jetpulse,"#N/A","#N/A",1.212.270.6000,false,false,"#N/A",Never,"#N/A",false,true,"#N/A",Contract Based,Same,No,"#N/A","#N/A","#N/A","#N/A","#N/A","#N/A","#N/A","#N/A","#N/A","#N/A","#N/A",Customer,"#N/A","#N/A","#N/A","#N/A","#N/A","#N/A","#N/A",false,false,false,"#N/A",false,false
23afa169-0d08-49c5-be76-948fc89c89ac,"#N/A",7.20606185E8,Cranbourne East,Australia,"#N/A","#N/A","#N/A","#N/A",3977,VIC,7 Dartmoor Dr,"#N/A",Milliways is the leader in Engineering in Cranbourne East,"#N/A","#N/A",Engineering,false,"#N/A",Tavu,"#N/A","#N/A",(03) 6820 8401,false,false,"#N/A",Never,"#N/A",false,true,"#N/A",Contract Based,Same,No,Cranbourne East,Australia,"#N/A","#N/A","#N/A",3977,VIC,7 Dartmoor Dr,"#N/A","#N/A","#N/A",Prospect,"#N/A","#N/A","#N/A","#N/A","#N/A","#N/A","#N/A",false,false,false,"#N/A",false,false
26214f44-f0ee-419d-8b57-072b0bef6dd7,"#N/A",2.33715E11,Cupertino,United States,"#N/A","#N/A","#N/A","#N/A",95014-2083,CA,1 Infinite Loop,"#N/A",Sweetwine Car Service is the leader in Transportation in Cupertino,"#N/A","#N/A",Transportation,false,"#N/A",Wordtune,"#N/A","#N/A",1.408.996.1010,false,false,"#N/A",Never,"#N/A",false,true,"#N/A",Contract Based,Same,No,"#N/A","#N/A","#N/A","#N/A","#N/A","#N/A","#N/A","#N/A","#N/A","#N/A","#N/A",Prospect,"#N/A","#N/A","#N/A","#N/A","#N/A","#N/A","#N/A",false,false,false,"#N/A",false,false
265cde65-b12d-494a-84d3-1c725cab9542,"#N/A","#N/A","#N/A","#N/A",ap@universal.com,"#N/A","#N/A","#N/A","#N/A","#N/A","#N/A",4.0,"#N/A","#N/A",0.0,Entertainment,false,"#N/A",Universal Studios,"#N/A","#N/A","#N/A",false,false,"#N/A",Never,"#N/A",false,true,"#N/A",Contract Based,Same,No,"#N/A","#N/A","#N/A","#N/A","#N/A","#N/A","#N/A","#N/A","#N/A",12-3456789,"#N/A",Prospect,"#N/A","#N/A","#N/A","#N/A","#N/A","#N/A","#N/A",false,false,false,"#N/A",false,false
275db0a9-664e-4eb8-a497-7fced1d9fadb,"#N/A",5.85033103E8,Hunters Hill,Australia,"#N/A","#N/A","#N/A","#N/A",2110,NSW,6/10 Mount St,"#N/A",CG South is the leader in Healthcare in Hunters Hill,"#N/A","#N/A",Healthcare,false,"#N/A",Jabberstorm,"#N/A","#N/A",(02) 6279 8265,false,false,"#N/A",Never,"#N/A",false,true,"#N/A",Contract Based,Same,No,Hunters Hill,Australia,"#N/A","#N/A","#N/A",2110,NSW,6/10 Mount St,"#N/A","#N/A","#N/A",Customer,"#N/A","#N/A","#N/A","#N/A","#N/A","#N/A","#N/A",false,false,false,"#N/A",false,false
27618cd5-0dff-4f0e-ae82-f230d61d279f,"#N/A",5.0E7,Vancouver,Canada,"#N/A","#N/A","#N/A","#N/A","#N/A",BC,BC V6T 1A7,"#N/A",Spade and Archer is the leader in Services in BC,"#N/A","#N/A",Services,false,"#N/A",Twitterwire,"#N/A","#N/A","#N/A",false,false,"#N/A",Never,"#N/A",false,true,"#N/A",Contract Based,Same,No,"#N/A","#N/A","#N/A","#N/A","#N/A","#N/A","#N/A","#N/A","#N/A","#N/A","#N/A",Customer,"#N/A","#N/A","#N/A","#N/A","#N/A","#N/A","#N/A",false,false,false,"#N/A",false,false
28cf0feb-3330-4841-bbaf-e1e4904144e7,"#N/A",3645701.0,Bloomington,United States,"#N/A","#N/A","#N/A","#N/A",47405,IN,2 Graceland Street,"#N/A","#N/A","#N/A","#N/A",Manufacturing,false,"#N/A",Photobug,"#N/A","#N/A","#N/A",false,false,"#N/A",Never,"#N/A",false,true,"#N/A",Contract Based,Same,No,"#N/A","#N/A","#N/A","#N/A","#N/A","#N/A","#N/A","#N/A","#N/A","#N/A","#N/A",Prospect,"#N/A","#N/A","#N/A","#N/A","#N/A","#N/A","#N/A",false,false,false,"#N/A",false,false
2a5ed591-ffd7-4ed1-bdeb-cdd0d6ba2978,"#N/A","#N/A","#N/A","#N/A",ap@mcdonalds.com.invalid.invalid.invalid.invalid.invalid,"#N/A","#N/A","#N/A","#N/A","#N/A","#N/A",2636.0,"#N/A","#N/A",36059.0,Restaurant,false,"#N/A",McDonalds,205000,"#N/A","#N/A",false,false,"#N/A",Never,"#N/A",false,true,"#N/A",Contract Based,Same,No,"#N/A","#N/A","#N/A","#N/A","#N/A","#N/A","#N/A","#N/A","#N/A",37-2466517,"#N/A",Prospect,"#N/A","#N/A","#N/A","#N/A","#N/A","#N/A","#N/A",false,false,false,"#N/A",false,false
2adc1491-3ed9-47d2-92e9-4594af8f06ae,"#N/A",5.73645303E8,Melbourne,Australia,"#N/A","#N/A","#N/A","#N/A",3004,VIC,348 St Kilda Road,"#N/A",Globex Corporation is the leader in Food & Beverage in Melbourne,"#N/A","#N/A",Food & Beverage,false,"#N/A",Bluejam,"#N/A","#N/A",(03) 7876 8876,false,false,"#N/A",Never,"#N/A",false,true,"#N/A",Contract Based,Same,No,Melbourne,Australia,"#N/A","#N/A","#N/A",3004,VIC,348 St Kilda Road,"#N/A","#N/A","#N/A",Customer,"#N/A","#N/A","#N/A","#N/A","#N/A","#N/A","#N/A",false,false,false,"#N/A",false,false
2b13dae3-72c5-4d47-8d3b-d7eb8def60df,"#N/A",4.9161E10,San Jose,United States,"#N/A","#N/A","#N/A","#N/A",95134-1706,CA,170 W Tasman Dr,"#N/A",Franklin Research College is the leader in Higher Education in San Jose,"#N/A","#N/A",Higher Education,false,"#N/A",Oozz,"#N/A","#N/A",1.408.526.4000,false,false,"#N/A",Never,"#N/A",false,true,"#N/A",Contract Based,Same,No,"#N/A","#N/A","#N/A","#N/A","#N/A","#N/A","#N/A","#N/A","#N/A","#N/A","#N/A",Customer,"#N/A","#N/A","#N/A","#N/A","#N/A","#N/A","#N/A",false,false,false,"#N/A",false,false
2b2eb896-411b-4481-bd30-98f28038ff6f,"#N/A",1.27207233E8,Warradale,Australia,"#N/A","#N/A","#N/A","#N/A",5046,SA,140 Diagonal Rd,"#N/A",Charles Townsend Agency is the leader in Apparel in Warradale,"#N/A","#N/A",Apparel,false,"#N/A",Gabcube,"#N/A","#N/A",(08) 8985 7724,false,false,"#N/A",Never,"#N/A",false,true,"#N/A",Contract Based,Same,No,Warradale,Australia,"#N/A","#N/A","#N/A",5046,SA,140 Diagonal Rd,"#N/A","#N/A","#N/A",Customer,"#N/A","#N/A","#N/A","#N/A","#N/A","#N/A","#N/A",false,false,false,"#N/A",false,false
2d743776-20fb-48f5-a02e-b415dcf9518e,"#N/A",2.21928169E8,Kingsgrove,Australia,test@test.bill.co,"#N/A","#N/A","#N/A",1480,NSW,23 Lundy Av,"#N/A",Spacely Sprockets is the leader in Technology in Kingsgrove,"#N/A","#N/A",Technology,false,"#N/A",Aibox,"#N/A","#N/A",(02) 6082 8265,false,false,"#N/A",Never,"#N/A",false,true,"#N/A",Contract Based,Same,No,Kingsgrove,Australia,"#N/A","#N/A","#N/A",1480,NSW,23 Lundy Av,"#N/A",84-5555555,Pass!,Customer,"#N/A","#N/A","#N/A","#N/A","#N/A","#N/A","#N/A",false,false,false,"#N/A",false,false
2d994419-a739-4343-9d7f-e41b9d8bcae5,"#N/A",3.45972597E8,Wahroonga,Australia,"#N/A","#N/A","#N/A","#N/A",2076,NSW,3 Myra St,"#N/A",Nordyne Defense Dynamics is the leader in Technology in Wahroonga,"#N/A","#N/A",Technology,false,"#N/A",Thoughtstorm,"#N/A","#N/A",(02) 7820 8765,false,false,"#N/A",Never,"#N/A",false,true,"#N/A",Contract Based,Same,No,Wahroonga,Australia,"#N/A","#N/A","#N/A",2076,NSW,3 Myra St,"#N/A","#N/A","#N/A",Customer,"#N/A","#N/A","#N/A","#N/A","#N/A","#N/A","#N/A",false,false,false,"#N/A",false,false
30deb8f5-d3bb-492e-9ea1-590491dcf26a,"#N/A",1.00949E11,Houston,United States,"#N/A","#N/A","#N/A","#N/A",77042-3706,TX,3010 Briarpark Dr,"#N/A",Your Lesiure Microtels is the leader in Hospitality in Houston,"#N/A","#N/A",Hospitality,false,"#N/A",Brightdog,"#N/A","#N/A",1.281.293.6600,false,false,"#N/A",Never,"#N/A",false,true,"#N/A",Contract Based,Same,No,Houston,US,"#N/A","#N/A","#N/A",77210-4428,TX,P.O. BOX 4428,"#N/A","#N/A","#N/A",Customer,"#N/A","#N/A","#N/A","#N/A","#N/A","#N/A","#N/A",false,false,false,"#N/A",false,false
32496c5a-c444-47f1-ac84-ecbd251b04d5,"#N/A","#N/A","#N/A","#N/A",billing@cedarpoint.com,"#N/A","#N/A","#N/A","#N/A",OH,"#N/A",1.0,"#N/A","#N/A",0.0,Entertainment,false,"#N/A",Cedar Point,2600,"#N/A","#N/A",false,false,"#N/A",Never,"#N/A",false,true,"#N/A",Contract Based,Same,No,"#N/A","#N/A","#N/A","#N/A","#N/A","#N/A","#N/A","#N/A","#N/A",12-3456789,"#N/A",Customer,"#N/A","#N/A","#N/A","#N/A","#N/A","#N/A","#N/A",false,false,false,"#N/A",false,false
34cb81f2-7c97-4807-94f2-add143d2ec0b,"#N/A",6.3491E10,Mc Lean,United States,"#N/A","#N/A","#N/A","#N/A",22102-3107,VA,8200 Jones Branch Dr,"#N/A",Decorum Interior Design is the leader in Hospitality in Mc Lean,"#N/A","#N/A",Hospitality,false,"#N/A",Tagtune,"#N/A","#N/A",1.703.903.2000,false,false,"#N/A",Never,"#N/A",false,true,"#N/A",Contract Based,Same,No,"#N/A","#N/A","#N/A","#N/A","#N/A","#N/A","#N/A","#N/A","#N/A","#N/A","#N/A",Customer,"#N/A","#N/A","#N/A","#N/A","#N/A","#N/A","#N/A",false,false,false,"#N/A",false,false
35728350-49b2-42d7-a1b5-8ed5aeadd3a0,"#N/A",4.77757321E8,Sydney,Australia,"#N/A","#N/A","#N/A","#N/A",2000,NSW,200 George Street,"#N/A",Corellian Engineering Corporation is the leader in Machinery in Sydney,"#N/A","#N/A",Machinery,false,"#N/A",Zoombox,"#N/A","#N/A",(02) 8858 6163,false,false,"#N/A",Never,"#N/A",false,true,"#N/A",Contract Based,Same,No,Sydney,Australia,"#N/A","#N/A","#N/A",2000,NSW,200 George Street,"#N/A","#N/A","#N/A",Customer,"#N/A","#N/A","#N/A","#N/A","#N/A","#N/A","#N/A",false,false,false,"#N/A",false,false
3747303b-a868-450c-959e-6e9951547f45,"#N/A","#N/A","#N/A","#N/A",ap@notredam.edu,"#N/A","#N/A","#N/A","#N/A",IN,"#N/A",1.0,"#N/A","#N/A",0.0,Education,false,"#N/A",Notre Dame University,1309,"#N/A","#N/A",false,false,"#N/A",Never,"#N/A",false,true,"#N/A",Contract Based,Same,No,"#N/A","#N/A","#N/A","#N/A","#N/A","#N/A","#N/A","#N/A","#N/A",12-3456789,"#N/A",Prospect,"#N/A","#N/A","#N/A","#N/A","#N/A","#N/A","#N/A",false,false,false,"#N/A",false,false
38d42ecd-2873-4e1f-b006-346f47baf663,"#N/A",1.02531E11,Dublin,United States,"#N/A","#N/A","#N/A","#N/A",43017-1091,OH,7000 Cardinal Pl,"#N/A",Sombra Corporation is the leader in Construction in Dublin,"#N/A","#N/A",Construction,false,"#N/A",Eazzy,"#N/A","#N/A",1.614.757.5000,false,false,"#N/A",Never,"#N/A",false,true,"#N/A",Contract Based,Same,No,"#N/A","#N/A","#N/A","#N/A","#N/A","#N/A","#N/A","#N/A","#N/A","#N/A","#N/A",Prospect,"#N/A","#N/A","#N/A","#N/A","#N/A","#N/A","#N/A",false,false,false,"#N/A",false,false
3a5847f0-3637-43eb-b693-4e1850601378,"#N/A",9.05588171E8,Bavaria,Germany,"#N/A","#N/A","#N/A","#N/A","#N/A",Munich,300 Chestnut Ridge Road,"#N/A",SS North is the leader in Healthcare in Bavaria,"#N/A","#N/A",Healthcare,false,"#N/A",Dabfeed,"#N/A","#N/A","#N/A",false,false,"#N/A",Never,"#N/A",false,true,"#N/A",Contract Based,Same,No,"#N/A","#N/A","#N/A","#N/A","#N/A","#N/A","#N/A","#N/A","#N/A","#N/A","#N/A",Customer,"#N/A","#N/A","#N/A","#N/A","#N/A","#N/A","#N/A",false,false,false,"#N/A",false,false
3abb8f98-ebce-48e0-80f5-d1830442dbc7,"#N/A",4.15880303E8,Balaclava,Australia,"#N/A","#N/A","#N/A","#N/A",3183,VIC,5/5a The Avenue,"#N/A",Praveen Kagalkar Hospital is the leader in Healthcare in Balaclava,"#N/A","#N/A",Healthcare,false,"#N/A",Babbleopia,"#N/A","#N/A",(03) 8569 6279,false,false,"#N/A",Never,"#N/A",false,true,"#N/A",Contract Based,Same,No,Balaclava,Australia,"#N/A","#N/A","#N/A",3183,VIC,5/5a The Avenue,"#N/A","#N/A","#N/A",Customer,"#N/A","#N/A","#N/A","#N/A","#N/A","#N/A","#N/A",false,false,false,"#N/A",false,false
3b3102ba-20c8-428f-b420-813cd7303777,"#N/A","#N/A","#N/A","#N/A",ap@hyatt.com.invalid.invalid.invalid.invalid.invalid,"#N/A","#N/A","#N/A","#N/A","#N/A","#N/A",518.0,"#N/A","#N/A",378.0,Hospitality,false,"#N/A",Hyatt Hotels Corporation,100000,"#N/A","#N/A",false,false,"#N/A",Never,"#N/A",false,true,"#N/A",Contract Based,Same,No,"#N/A","#N/A","#N/A","#N/A","#N/A","#N/A","#N/A","#N/A","#N/A",25-1501277,"#N/A",Prospect,"#N/A","#N/A","#N/A","#N/A","#N/A","#N/A","#N/A",false,false,false,"#N/A",false,false
3e589d45-2496-4353-81e9-3a096375a335,"#N/A",3.0601E10,Beaverton,United States,"#N/A","#N/A","#N/A","#N/A",97005-0979,OR,1 SW Bowerman Dr,"#N/A",Gadgetron is the leader in Technology in Beaverton,"#N/A","#N/A",Technology,false,"#N/A",Topicshots,"#N/A","#N/A",1.503.671.6453,false,false,"#N/A",Never,"#N/A",false,true,"#N/A",Contract Based,Same,No,"#N/A","#N/A","#N/A","#N/A","#N/A","#N/A","#N/A","#N/A","#N/A","#N/A","#N/A",Prospect,"#N/A","#N/A","#N/A","#N/A","#N/A","#N/A","#N/A",false,false,false,"#N/A",false,false
3e67024a-608d-4432-8eff-e952e38c65dc,"#N/A","#N/A","#N/A","#N/A",ap@landmark.com,"#N/A","#N/A","#N/A","#N/A","#N/A","#N/A",46.0,"#N/A","#N/A",0.0,Entertainment,false,"#N/A",Landmark Cinemas,850,"#N/A","#N/A",false,false,"#N/A",Never,"#N/A",false,true,"#N/A",Contract Based,Same,No,"#N/A","#N/A","#N/A","#N/A","#N/A","#N/A","#N/A","#N/A","#N/A",12-3456789,"#N/A",Prospect,"#N/A","#N/A","#N/A","#N/A","#N/A","#N/A","#N/A",false,false,false,"#N/A",false,false
41f52d86-1b00-461e-8b6b-aba60cec5e4c,"#N/A",1.5240896511E10,Columbus,United States,"#N/A","#N/A","#N/A","#N/A",43215-2226,OH,1 Nationwide Plz,"#N/A",Polimarc Inc. is the leader in Media in Columbus,"#N/A","#N/A",Media,false,"#N/A",Zoonoodle,"#N/A","#N/A",1.614.249.7111,false,false,"#N/A",Never,"#N/A",false,true,"#N/A",Contract Based,Same,No,Columbus,US,"#N/A","#N/A","#N/A",43218-2171,OH,P.O. BOX 182171,"#N/A","#N/A","#N/A",Prospect,"#N/A","#N/A","#N/A","#N/A","#N/A","#N/A","#N/A",false,false,false,"#N/A",false,false
43fb45aa-2028-471c-b740-2efe5da90a3c,"#N/A",6.03365E10,Hartford,United States,"#N/A","#N/A","#N/A","#N/A",06156-0001,CT,151 Farmington Ave,"#N/A",Initrode is the leader in Energy in Hartford,"#N/A","#N/A",Energy,false,"#N/A",Roomm,"#N/A","#N/A",1.860.273.0123,false,false,"#N/A",Never,"#N/A",false,true,"#N/A",Contract Based,Same,No,"#N/A","#N/A","#N/A","#N/A","#N/A","#N/A","#N/A","#N/A","#N/A","#N/A","#N/A",Prospect,"#N/A","#N/A","#N/A","#N/A","#N/A","#N/A","#N/A",false,false,false,"#N/A",false,false
472f415d-678d-4f6c-ad95-3ba0b32c84b1,"#N/A",1.46801E11,Dallas,United States,"#N/A","#N/A","#N/A","#N/A",75202-4295,TX,208 S Akard St,"#N/A","Regal Machine, Inc. is the leader in Automotive in Dallas","#N/A","#N/A",Automotive,false,"#N/A",Eadel,"#N/A","#N/A",1.210.821.4105,false,false,"#N/A",Never,"#N/A",false,true,"#N/A",Contract Based,Same,No,"#N/A","#N/A","#N/A","#N/A","#N/A","#N/A","#N/A","#N/A","#N/A","#N/A","#N/A",Customer,"#N/A","#N/A","#N/A","#N/A","#N/A","#N/A","#N/A",false,false,false,"#N/A",false,false
4af7ec61-fbf5-405b-8aaa-c28c0aa5342e,"#N/A",4.8778E10,Midland,United States,"#N/A","#N/A","#N/A","#N/A",48674-1500,MI,2030 Dow Ctr,"#N/A",Computico Labs is the leader in Technology in Midland,"#N/A","#N/A",Technology,false,"#N/A",Kamba,"#N/A","#N/A",1.989.636.1000,false,false,"#N/A",Never,"#N/A",false,true,"#N/A",Contract Based,Same,No,"#N/A","#N/A","#N/A","#N/A","#N/A","#N/A","#N/A","#N/A","#N/A","#N/A","#N/A",Prospect,"#N/A","#N/A","#N/A","#N/A","#N/A","#N/A","#N/A",false,false,false,"#N/A",false,false
4c858a35-abfa-4c8d-88e4-accb841fe29a,"#N/A","#N/A","#N/A","#N/A",billing@amc.com,"#N/A","#N/A","#N/A","#N/A","#N/A","#N/A",978.0,"#N/A","#N/A",0.0,Entertainment,false,"#N/A",AMC Entertainment,4408,"#N/A","#N/A",false,false,"#N/A",Never,"#N/A",false,true,"#N/A",Contract Based,Same,No,"#N/A","#N/A","#N/A","#N/A","#N/A","#N/A","#N/A","#N/A","#N/A",12-3456789,"#N/A",Customer,"#N/A","#N/A","#N/A","#N/A","#N/A","#N/A","#N/A",false,false,false,"#N/A",false,false
4deaeebc-373f-4775-b6e7-2b172ed370c1,"#N/A",2.3152E10,Houston,United States,"#N/A","#N/A","#N/A","#N/A",77002-4101,TX,333 Clay St Ste 1600,"#N/A",Wentworth Industries is the leader in Engineering in Houston,"#N/A","#N/A",Engineering,false,"#N/A",Myworks,"#N/A","#N/A",1.713.646.4100,false,false,"#N/A",Never,"#N/A",false,true,"#N/A",Contract Based,Same,No,"#N/A","#N/A","#N/A","#N/A","#N/A","#N/A","#N/A","#N/A","#N/A","#N/A","#N/A",Customer,"#N/A","#N/A","#N/A","#N/A","#N/A","#N/A","#N/A",false,false,false,"#N/A",false,false
5346f59f-31de-4251-b8bf-8e8ef12d3ba5,"#N/A",3.0935E10,Houston,United States,"#N/A","#N/A","#N/A","#N/A",77079-1100,TX,600 N Dairy Ashford Rd,"#N/A","Optimetrics, LLC is the leader in Technology in Houston","#N/A","#N/A",Technology,false,"#N/A",Browsebug,"#N/A","#N/A",1.281.293.1000,false,false,"#N/A",Never,"#N/A",false,true,"#N/A",Contract Based,Same,No,Houston,US,"#N/A","#N/A","#N/A",77252-2197,TX,P.O. BOX 2197,"#N/A","#N/A","#N/A",Customer,"#N/A","#N/A","#N/A","#N/A","#N/A","#N/A","#N/A",false,false,false,"#N/A",false,false
54db439c-e844-45a3-83bb-be54740ea9e1,"#N/A",8.8275E10,New York,United States,"#N/A","#N/A","#N/A","#N/A",10022-4699,NY,399 Park Ave,"#N/A",Martic-Morales Corp. is the leader in Manufacturing in New York,"#N/A","#N/A",Manufacturing,false,"#N/A",Browseblab,"#N/A","#N/A",1.212.559.1000,false,false,"#N/A",Never,"#N/A",false,true,"#N/A",Contract Based,Same,No,"#N/A","#N/A","#N/A","#N/A","#N/A","#N/A","#N/A",100 North Riverside.,"#N/A","#N/A","#N/A",Customer,"#N/A","#N/A","#N/A","#N/A","#N/A","#N/A","#N/A",false,false,false,"#N/A",false,false
55252f06-931d-4291-a2dd-f453b0cd1ece,"#N/A",8.0231577E7,Caringbah,Australia,"#N/A","#N/A","#N/A","#N/A",1495,NSW,10/33-37 Gannons Rd,"#N/A",Nick Ciapetta Hospital is the leader in Healthcare in Caringbah,"#N/A","#N/A",Healthcare,false,"#N/A",Twimm,"#N/A","#N/A",(02) 6905 6165,false,false,"#N/A",Never,"#N/A",false,true,"#N/A",Contract Based,Same,No,Caringbah,Australia,"#N/A","#N/A","#N/A",1495,NSW,10/33-37 Gannons Rd,"#N/A","#N/A","#N/A",Prospect,"#N/A","#N/A","#N/A","#N/A","#N/A","#N/A","#N/A",false,false,false,"#N/A",false,false
56acb614-01d1-4cb2-8997-b969585be12a,"#N/A",7.20606185E8,Turin,Italy,"#N/A","#N/A","#N/A","#N/A","#N/A",Turin,"Via Nizza, 250","#N/A",TF North is the leader in Healthcare in Turin,"#N/A","#N/A",Healthcare,false,"#N/A",Realcube,"#N/A","#N/A","#N/A",false,false,"#N/A",Never,"#N/A",false,true,"#N/A",Contract Based,Same,No,"#N/A","#N/A","#N/A","#N/A","#N/A","#N/A","#N/A","#N/A","#N/A","#N/A","#N/A",Customer,"#N/A","#N/A","#N/A","#N/A","#N/A","#N/A","#N/A",false,false,false,"#N/A",false,false
56b75f34-41d2-443a-a868-80c78bb7d4ee,"#N/A",7.2258E10,Findlay,United States,"#N/A","#N/A","#N/A","#N/A",45840-3229,OH,539 S Main St,"#N/A",Claton Gardner Hospital is the leader in Healthcare in Findlay,"#N/A","#N/A",Healthcare,false,"#N/A",Topdrive,"#N/A","#N/A",1.419.422.2121,false,false,"#N/A",Never,"#N/A",false,true,"#N/A",Contract Based,Same,No,"#N/A","#N/A","#N/A","#N/A","#N/A","#N/A","#N/A","#N/A","#N/A","#N/A","#N/A",Prospect,"#N/A","#N/A","#N/A","#N/A","#N/A","#N/A","#N/A",false,false,false,"#N/A",false,false
577696b1-fd4e-4fde-be06-87a531d68976,"#N/A",2.89485471E8,Ballarat Central,Australia,"#N/A","#N/A","#N/A","#N/A",3350,VIC,50 Loch Av,"#N/A",Incom Corporation is the leader in Manufacturing in Ballarat Central,"#N/A","#N/A",Manufacturing,false,"#N/A",Realbridge,"#N/A","#N/A",(03) 8300 7460,false,false,"#N/A",Never,"#N/A",false,true,"#N/A",Contract Based,Same,No,Ballarat Central,Australia,"#N/A","#N/A","#N/A",3350,VIC,50 Loch Av,"#N/A","#N/A","#N/A",Prospect,"#N/A","#N/A","#N/A","#N/A","#N/A","#N/A","#N/A",false,false,false,"#N/A",false,false
57afd48c-78fe-43bc-9bd2-5369132cf8cb,"#N/A",3.1469E10,Falls Church,United States,"#N/A","#N/A","#N/A","#N/A",22042,VA,2941 Frview Pk Dr Ste 100,"#N/A",Keading Transportation Services is the leader in Transportation in Falls Church,"#N/A","#N/A",Transportation,false,"#N/A",Buzzshare,"#N/A","#N/A",1.703.876.3000,false,false,"#N/A",Never,"#N/A",false,true,"#N/A",Contract Based,Same,No,"#N/A","#N/A","#N/A","#N/A","#N/A","#N/A","#N/A","#N/A","#N/A","#N/A","#N/A",Customer,"#N/A","#N/A","#N/A","#N/A","#N/A","#N/A","#N/A",false,false,false,"#N/A",false,false
581110eb-35c5-44bd-b50d-0ea6a47a7244,"#N/A",7.3785E10,Minneapolis,United States,"#N/A","#N/A","#N/A","#N/A",55403-2542,MN,1000 Nicollet Mall,"#N/A","Equality Consulting, LLC is the leader in Services in Minneapolis","#N/A","#N/A",Services,false,"#N/A",Shufflester,"#N/A","#N/A",1.612.304.6073,false,false,"#N/A",Never,"#N/A",false,true,"#N/A",Contract Based,Same,No,"#N/A","#N/A","#N/A","#N/A","#N/A","#N/A","#N/A",P.O. BOX 81226,"#N/A","#N/A","#N/A",Prospect,"#N/A","#N/A","#N/A","#N/A","#N/A","#N/A","#N/A",false,false,false,"#N/A",false,false
58efd287-dcb5-4f81-a36c-a6cba938dbe7,"#N/A",2.87538616E8,Victoria Park,Australia,"#N/A","#N/A","#N/A","#N/A",6100,WA,27 Temple St,"#N/A",LexCorp is the leader in Banking in Victoria Park,"#N/A","#N/A",Banking,false,"#N/A",Trilith,"#N/A","#N/A",(08) 7764 6096,false,false,"#N/A",Never,"#N/A",false,true,"#N/A",Contract Based,Same,No,Victoria Park,Australia,"#N/A","#N/A","#N/A",6100,WA,27 Temple St,"#N/A","#N/A","#N/A",Customer,"#N/A","#N/A","#N/A","#N/A","#N/A","#N/A","#N/A",false,false,false,"#N/A",false,false
59264a1a-301e-43c5-ba3c-5c4e8964e4a4,"#N/A",7.40417719E8,Fairfield,Australia,"#N/A","#N/A","#N/A","#N/A",4103,QLD,40 Archibald St,"#N/A",Mooby Corp is the leader in Chemicals in Fairfield,"#N/A","#N/A",Chemicals,false,"#N/A",Skalith,"#N/A","#N/A",(07) 8503 6141,false,false,"#N/A",Never,"#N/A",false,true,"#N/A",Contract Based,Same,No,Fairfield,Australia,"#N/A","#N/A","#N/A",4103,QLD,40 Archibald St,"#N/A","#N/A","#N/A",Customer,"#N/A","#N/A","#N/A","#N/A","#N/A","#N/A","#N/A",false,false,false,"#N/A",false,false
5b6d54a1-1d94-4460-80e1-20dd6dc1f530,"#N/A",7.91565E10,Indianapolis,United States,"#N/A","#N/A","#N/A","#N/A",46204-4902,IN,120 Monument Cir Ste 200,"#N/A",Kellerman Corp. is the leader in Consumer Goods in Indianapolis,"#N/A","#N/A",Consumer Goods,false,"#N/A",Rhynyx,"#N/A","#N/A",1.317.488.6000,false,false,"#N/A",Never,"#N/A",false,true,"#N/A",Contract Based,Same,No,"#N/A","#N/A","#N/A","#N/A","#N/A","#N/A","#N/A","#N/A","#N/A","#N/A","#N/A",Customer,"#N/A","#N/A","#N/A","#N/A","#N/A","#N/A","#N/A",false,false,false,"#N/A",false,false
5d3ef720-7438-4cf7-b3cc-defeb92c6099,"#N/A",5.45047272E8,Mead,USA,"#N/A","#N/A","#N/A","#N/A",80547,CO,920 Sylvan Ave,"#N/A",Three Waters is the leader in Communications,"#N/A","#N/A",Communications,false,"#N/A",Wikibox,"#N/A","#N/A","#N/A",false,false,"#N/A",Never,"#N/A",false,true,"#N/A",Contract Based,Same,No,"#N/A","#N/A","#N/A","#N/A","#N/A","#N/A","#N/A","#N/A","#N/A","#N/A","#N/A",Prospect,"#N/A","#N/A","#N/A","#N/A","#N/A","#N/A","#N/A",false,false,false,"#N/A",false,false
5d950c48-efeb-4038-81da-e6a20e591907,"#N/A",6.30331409E8,Tokyo,Japan,"#N/A","#N/A","#N/A","#N/A","#N/A","#N/A",1 Toyota-Cho,"#N/A",Widget Corp is the leader in Technology,"#N/A","#N/A",Technology,false,"#N/A",Tagopia,"#N/A","#N/A","#N/A",false,false,"#N/A",Never,"#N/A",false,true,"#N/A",Contract Based,Same,No,"#N/A","#N/A","#N/A","#N/A","#N/A","#N/A","#N/A",4 Riverside Rd,"#N/A","#N/A","#N/A",Customer,"#N/A","#N/A","#N/A","#N/A","#N/A","#N/A","#N/A",false,false,false,"#N/A",false,false
5f173d3f-a282-4402-8e37-306577c2418f,"#N/A",3.7897E10,New York,United States,"#N/A","#N/A","#N/A","#N/A",10036-8200,NY,1585 Broadway,"#N/A","Clearcoat, LLC is the leader in Automotive in New York","#N/A","#N/A",Automotive,false,"#N/A",Dazzlesphere,"#N/A","#N/A",1.212.761.4000,false,false,"#N/A",Never,"#N/A",false,true,"#N/A",Contract Based,Same,No,"#N/A","#N/A","#N/A","#N/A","#N/A","#N/A","#N/A",200 George Street,"#N/A","#N/A","#N/A",Prospect,"#N/A","#N/A","#N/A","#N/A","#N/A","#N/A","#N/A",false,false,false,"#N/A",false,false
5ff58f44-06ae-46a4-ab21-8a33cd7ff265,"#N/A",5.6098E10,Farmington,United States,"#N/A","#N/A","#N/A","#N/A",06032-2577,CT,10 Farm Springs Rd,"#N/A",Tungsten Security Services is the leader in Transportation in Farmington,"#N/A","#N/A",Transportation,false,"#N/A",Centimia,"#N/A","#N/A",1.860.728.7000,false,false,"#N/A",Never,"#N/A",false,true,"#N/A",Contract Based,Same,No,"#N/A","#N/A","#N/A","#N/A","#N/A","#N/A","#N/A","#N/A","#N/A","#N/A","#N/A",Customer,"#N/A","#N/A","#N/A","#N/A","#N/A","#N/A","#N/A",false,false,false,"#N/A",false,false
6126ee6e-2a3f-44ae-b350-5e9db44b8956,"#N/A",4.3025852E10,Irvine,United States,"#N/A","#N/A","#N/A","#N/A",92612-0697,CA,3351 Michelson Dr Ste 100,"#N/A",Abilitech Software Solutions is the leader in Technology in Irvine,"#N/A","#N/A",Technology,false,"#N/A",Kwimbee,"#N/A","#N/A",1.714.566.1000,false,false,"#N/A",Never,"#N/A",false,true,"#N/A",Contract Based,Same,No,"#N/A","#N/A","#N/A","#N/A","#N/A","#N/A","#N/A",3351 Michelson Dr Ste 100,"#N/A","#N/A","#N/A",Customer,"#N/A","#N/A","#N/A","#N/A","#N/A","#N/A","#N/A",false,false,false,"#N/A",false,false
61d91b5b-68cc-4a16-9d73-6036cb467cfe,"#N/A",2.89485471E8,Berlin,Germany,"#N/A","#N/A","#N/A","#N/A","#N/A",Berlin,1011 Centre Road,"#N/A",Strickland Propane is the leader in Biotechnology in Berlin,"#N/A","#N/A",Biotechnology,false,"#N/A",Babblestorm,"#N/A","#N/A","#N/A",false,false,"#N/A",Never,"#N/A",false,true,"#N/A",Contract Based,Same,No,"#N/A","#N/A","#N/A","#N/A","#N/A","#N/A","#N/A","#N/A","#N/A","#N/A","#N/A",Prospect,"#N/A","#N/A","#N/A","#N/A","#N/A","#N/A","#N/A",false,false,false,"#N/A",false,false
6280acc1-a003-47ec-96c9-e776e330c88a,"#N/A",4.7011E10,Peoria,United States,"#N/A","#N/A","#N/A","#N/A",61629-0002,IL,100 Ne Adams St,"#N/A",Carthage Automotive is the leader in Automotive in Peoria,"#N/A","#N/A",Automotive,false,"#N/A",Oloo,"#N/A","#N/A",1.309.675.1000,false,false,"#N/A",Never,"#N/A",false,true,"#N/A",Contract Based,Same,No,"#N/A","#N/A","#N/A","#N/A","#N/A","#N/A","#N/A","#N/A","#N/A","#N/A","#N/A",Customer,"#N/A","#N/A","#N/A","#N/A","#N/A","#N/A","#N/A",false,false,false,"#N/A",false,false
65b06c3b-022a-453c-98da-c989971b4ebf,"#N/A",5.6873066E8,Bondi,Australia,"#N/A","#N/A","#N/A","#N/A",2026,NSW,178 Campbell Parade,"#N/A",Danielle Bogartz Hospital is the leader in Healthcare in Bondi,"#N/A","#N/A",Healthcare,false,"#N/A",Oyoba,"#N/A","#N/A",(02) 7198 7098,false,false,"#N/A",Never,"#N/A",false,true,"#N/A",Contract Based,Same,No,Bondi,Australia,"#N/A","#N/A","#N/A",2026,NSW,178 Campbell Parade,"#N/A","#N/A","#N/A",Customer,"#N/A","#N/A","#N/A","#N/A","#N/A","#N/A","#N/A",false,false,false,"#N/A",false,false
65c0920b-1d8f-4457-a511-2eebef21e2be,"#N/A",2.9588767E7,New Bedford,United States,"#N/A","#N/A","#N/A","#N/A",2745,MA,53 Park Meadow Pass,"#N/A","#N/A","#N/A","#N/A",Insurance,false,"#N/A",Realblab,"#N/A","#N/A","#N/A",false,false,"#N/A",Never,"#N/A",false,true,"#N/A",Contract Based,Same,No,"#N/A","#N/A","#N/A","#N/A","#N/A","#N/A","#N/A","#N/A","#N/A","#N/A","#N/A",Prospect,"#N/A","#N/A","#N/A","#N/A","#N/A","#N/A","#N/A",false,false,false,"#N/A",false,false
67ed0a65-2dc8-4e05-9c9d-2260d04e9a8e,"#N/A",4.0704E10,Atlanta,United States,"#N/A","#N/A","#N/A","#N/A",30354-1989,GA,1030 Delta Blvd,"#N/A",Taggart Transcontinental is the leader in Shipping in Atlanta,"#N/A","#N/A",Shipping,false,"#N/A",Layo,"#N/A","#N/A",1.404.715.2600,false,false,"#N/A",Never,"#N/A",false,true,"#N/A",Contract Based,Same,No,Atlanta,US,"#N/A","#N/A","#N/A",30320-6001,GA,P.O. BOX 20706,"#N/A","#N/A","#N/A",Customer,"#N/A","#N/A","#N/A","#N/A","#N/A","#N/A","#N/A",false,false,false,"#N/A",false,false
6898164b-aa4a-41f0-9053-a853732b8224,"#N/A",6.39903177E8,Sydney,Australia,"#N/A","#N/A","#N/A","#N/A",2007,NSW,390 Harris Street,"#N/A",Petrox Oil Company is the leader in Energy in Sydney,"#N/A","#N/A",Energy,false,"#N/A",Kwideo,"#N/A","#N/A",(02) 7948 6474,false,false,"#N/A",Never,"#N/A",false,true,"#N/A",Contract Based,Same,No,Sydney,Australia,"#N/A","#N/A","#N/A",2007,NSW,390 Harris Street,"#N/A","#N/A","#N/A",Customer,"#N/A","#N/A","#N/A","#N/A","#N/A","#N/A","#N/A",false,false,false,"#N/A",false,false
693c3e37-5bc6-44c4-a96e-afc43266fbca,"#N/A",4.9892102E7,Balgowlah,Australia,"#N/A","#N/A","#N/A","#N/A",2093,NSW,2/11 Boyle St,"#N/A",Smith and Co. is the leader in Transportation in Balgowlah,"#N/A","#N/A",Transportation,false,"#N/A",Kimia,"#N/A","#N/A",(02) 6512 8801,false,false,"#N/A",Never,"#N/A",false,true,"#N/A",Contract Based,Same,No,Balgowlah,Australia,"#N/A","#N/A","#N/A",2093,NSW,2/11 Boyle St,"#N/A","#N/A","#N/A",Customer,"#N/A","#N/A","#N/A","#N/A","#N/A","#N/A","#N/A",false,false,false,"#N/A",false,false
6a4c9979-cc4a-4053-ab81-c6bc82e793ad,"#N/A",7.4989E10,Mountain View,United States,"#N/A","#N/A","#N/A","#N/A",94043-1351,CA,1600 Amphitheatre Pkwy,"#N/A",Roxxon is the leader in Retail in Mountain View,"#N/A","#N/A",Retail,false,"#N/A",Fatz,"#N/A","#N/A",1.650.253.0000,false,false,"#N/A",Never,"#N/A",false,true,"#N/A",Contract Based,Same,No,"#N/A","#N/A","#N/A","#N/A","#N/A","#N/A","#N/A","#N/A","#N/A","#N/A","#N/A",Customer,"#N/A","#N/A","#N/A","#N/A","#N/A","#N/A","#N/A",false,false,false,"#N/A",false,false
6bdb41de-9f1d-4207-ba4a-b6f70d0f5ef9,"#N/A",1.89091733E8,Riverview,Australia,"#N/A","#N/A","#N/A","#N/A",2066,NSW,28a College Rd S,"#N/A",QWERTY Logistics is the leader in Manufacturing in Riverview,"#N/A","#N/A",Manufacturing,false,"#N/A",Dynabox,"#N/A","#N/A",(02) 8954 8573,false,false,"#N/A",Never,"#N/A",false,true,"#N/A",Contract Based,Same,No,Riverview,Australia,"#N/A","#N/A","#N/A",2066,NSW,28a College Rd S,"#N/A","#N/A","#N/A",Prospect,"#N/A","#N/A","#N/A","#N/A","#N/A","#N/A","#N/A",false,false,false,"#N/A",false,false
6c40eb60-e11d-4540-98e6-11f5230fcf0a,"#N/A",5.25079613E8,Paris,France,"#N/A","#N/A","#N/A","#N/A","#N/A",Paris,30 Avenue Montaigne,"#N/A",St. Francis South Side is the leader in Healthcare in Paris,"#N/A","#N/A",Healthcare,false,"#N/A",Edgepulse,"#N/A","#N/A","#N/A",false,false,"#N/A",Never,"#N/A",false,true,"#N/A",Contract Based,Same,No,"#N/A","#N/A","#N/A","#N/A","#N/A","#N/A","#N/A","#N/A","#N/A","#N/A","#N/A",Customer,"#N/A","#N/A","#N/A","#N/A","#N/A","#N/A","#N/A",false,false,false,"#N/A",false,false
6d0088c2-2543-49ca-af6c-9bda0ecab8a7,"#N/A",1.01752E11,Saint Louis,United States,"#N/A","#N/A","#N/A","#N/A",63121-1824,MO,1 Express Way,"#N/A",Rhapsodic AG is the leader in Retail in Saint Louis,"#N/A","#N/A",Retail,false,"#N/A",Zoomcast,"#N/A","#N/A",1.314.996.0900,false,false,"#N/A",Never,"#N/A",false,true,"#N/A",Contract Based,Same,No,"#N/A","#N/A","#N/A","#N/A","#N/A","#N/A","#N/A","#N/A","#N/A","#N/A","#N/A",Prospect,"#N/A","#N/A","#N/A","#N/A","#N/A","#N/A","#N/A",false,false,false,"#N/A",false,false
6d9c2ac1-32d0-4a50-9f9d-1df68267a6a8,"#N/A","#N/A",San Francisco,USA,ap@salesforce.com,"#N/A","#N/A","#N/A",94105,CA,"The Landmark @ One Market, Suite 300",33.0,"Founded in March 1999, salesforce.com (http://www.salesforce.com) builds and delivers customer relationship management (CRM) applications as scalable online services. The salesforce.com product suite - Team Edition, Professional Edition, Enterprise Edition, Wireless Edition and Offline Edition - gives companies of all sizes a complete 360-degree view of the customer. The company's award-winning CRM solutions provide integrated online sales force automation, customer service and support management, and marketing automation applications to help companies meet the complex challenges of global customer communication. Salesforce.com has received considerable recognition in the industry, including Editors' Choice and two Five-Star ratings from PC Magazine, two Deploy Awards from InfoWorld, Red Herring 100, Upside Hot 100, Investor's Choice Award from Enterprise Outlook, Editors' Choice from TMCLabs, Top 10 CRM Implementation from Aberdeen Group, and InfoWorld's 2001 CRM Technology of the Year. Founded in 1999, salesforce.com is headquartered in San Francisco, with offices in Europe and Asia.",(415) 901-7040,0.0,Corporate Office,false,"#N/A",salesforce.com,"#N/A","#N/A",(415) 901-7000,false,false,"#N/A","#N/A","#N/A",false,false,"#N/A","#N/A","#N/A","#N/A",San Francisco,USA,"#N/A","#N/A","#N/A",94105,CA,"The Landmark @ One Market, Suite 300","#N/A",12-3456789,"#N/A",Prospect,http://www.salesforce.com,"#N/A","#N/A","#N/A","#N/A","#N/A","#N/A",false,false,false,"#N/A",false,false
6ed69143-9f10-451c-bf89-451e636f6465,"#N/A",9488745.0,Carson City,United States,"#N/A","#N/A","#N/A","#N/A",89714,NV,4 Weeping Birch Crossing,"#N/A","#N/A","#N/A","#N/A",Consulting,false,"#N/A",Flashset,"#N/A","#N/A","#N/A",false,false,"#N/A",Never,"#N/A",false,true,"#N/A",Contract Based,Same,No,"#N/A","#N/A","#N/A","#N/A","#N/A","#N/A","#N/A","#N/A","#N/A","#N/A","#N/A",Prospect,"#N/A","#N/A","#N/A","#N/A","#N/A","#N/A","#N/A",false,false,false,"#N/A",false,false
6ef21b20-02d7-4b94-809c-ecc3a7b9972f,"#N/A",1.4139579037E10,New York,United States,"#N/A","#N/A","#N/A","#N/A",10010-1655,NY,51 Madison Ave Bsmt 1b,"#N/A",Athena Theraputics is the leader in Healthcare in New York,"#N/A","#N/A",Healthcare,false,"#N/A",Skimia,"#N/A","#N/A",1.212.576.7000,false,false,"#N/A",Never,"#N/A",false,true,"#N/A",Contract Based,Same,No,"#N/A","#N/A","#N/A","#N/A","#N/A","#N/A","#N/A","#N/A","#N/A","#N/A","#N/A",Prospect,"#N/A","#N/A","#N/A","#N/A","#N/A","#N/A","#N/A",false,false,false,"#N/A",false,false
700139d5-522a-4be5-98d1-467b9aa1ac77,"#N/A",5.2465E10,Burbank,United States,"#N/A","#N/A","#N/A","#N/A",91521-0007,CA,500 S Buena Vista St,"#N/A",Larsco College is the leader in Higher Education in Burbank,"#N/A","#N/A",Higher Education,false,"#N/A",Voolith,"#N/A","#N/A",1.818.560.1000,false,false,"#N/A",Never,"#N/A",false,true,"#N/A",Contract Based,Same,No,"#N/A","#N/A","#N/A","#N/A","#N/A","#N/A","#N/A","#N/A","#N/A","#N/A","#N/A",Customer,"#N/A","#N/A","#N/A","#N/A","#N/A","#N/A","#N/A",false,false,false,"#N/A",false,false
71e4cbe7-b6af-4dd1-9dc7-eef3204a0846,"#N/A",4.2451628E8,Kensington,Australia,"#N/A","#N/A","#N/A","#N/A",1465,NSW,4/81 Doncaster Av,"#N/A",Sample Company is the leader in Media in Kensington,"#N/A","#N/A",Media,false,"#N/A",Kanoodle,"#N/A","#N/A",(02) 7112 6523,false,false,"#N/A",Never,"#N/A",false,true,"#N/A",Contract Based,Same,No,Kensington,Australia,"#N/A","#N/A","#N/A",1465,NSW,4/81 Doncaster Av,"#N/A","#N/A","#N/A",Customer,"#N/A","#N/A","#N/A","#N/A","#N/A","#N/A","#N/A",false,false,false,"#N/A",false,false
72d3d218-ec56-412d-a7be-efc0946e2025,"#N/A","#N/A",Brighton,USA,"#N/A","#N/A","#N/A","#N/A",80020,Colorado,5678 Victory Rd,"#N/A",Alexa Roberts is the leader in Machinery in Brighton,"#N/A","#N/A",Machinery,false,"#N/A",Dabtype,"#N/A","#N/A","#N/A",false,false,"#N/A",Never,"#N/A",false,true,"#N/A",Contract Based,Same,No,"#N/A","#N/A","#N/A","#N/A","#N/A","#N/A","#N/A","#N/A","#N/A","#N/A","#N/A",Prospect,"#N/A","#N/A","#N/A","#N/A","#N/A","#N/A","#N/A",false,false,false,"#N/A",false,false
75223672-eca6-4901-affb-b9e0802b8b02,"#N/A",1.89167866E8,Zurich,Switzerland,"#N/A","#N/A","#N/A","#N/A","#N/A","#N/A",avenue Nestl√© 55,"#N/A",TSM North is the leader in Healthcare,"#N/A","#N/A",Healthcare,false,"#N/A",Topicware,"#N/A","#N/A","#N/A",false,false,"#N/A",Never,"#N/A",false,true,"#N/A",Contract Based,Same,No,"#N/A","#N/A","#N/A","#N/A","#N/A","#N/A","#N/A","#N/A","#N/A","#N/A","#N/A",Customer,"#N/A","#N/A","#N/A","#N/A","#N/A","#N/A","#N/A",false,false,false,"#N/A",false,false
7544474c-afe4-43af-a756-bdc7180137c1,"#N/A",1.78663741E8,Canley Vale,Australia,"#N/A","#N/A","#N/A","#N/A",2166,NSW,66 Beckenham St,"#N/A",Mr. Sparkle is the leader in Consulting in Canley Vale,"#N/A","#N/A",Consulting,false,"#N/A",Trudoo,"#N/A","#N/A",(02) 6548 7709,false,false,"#N/A",Never,"#N/A",false,true,"#N/A",Contract Based,Same,No,Canley Vale,Australia,"#N/A","#N/A","#N/A",2166,NSW,66 Beckenham St,"#N/A","#N/A","#N/A",Customer,"#N/A","#N/A","#N/A","#N/A","#N/A","#N/A","#N/A",false,false,false,"#N/A",false,false
78cad409-5244-42a3-becb-107281d70571,"#N/A",1.17386E11,Fairfield,United States,"#N/A","#N/A","#N/A","#N/A",06828-0001,CT,3135 Easton Tpke,"#N/A","Signal Processing, LLC is the leader in Technology in Fairfield","#N/A","#N/A",Technology,false,"#N/A",Vitz,"#N/A","#N/A",1.203.373.2211,false,false,"#N/A",Never,"#N/A",false,true,"#N/A",Contract Based,Same,No,"#N/A","#N/A","#N/A","#N/A","#N/A","#N/A","#N/A","#N/A","#N/A","#N/A","#N/A",Customer,"#N/A","#N/A","#N/A","#N/A","#N/A","#N/A","#N/A",false,false,false,"#N/A",false,false
7eec69d5-c57b-41a2-888b-9d1a16aebb06,"#N/A",6.52105621E8,Bavaria,Germany,"#N/A","#N/A","#N/A","#N/A","#N/A",Essen,45131 Br√ºsseler Platz,"#N/A",Tessier-Ashpool is the leader in Government in Bavaria,"#N/A","#N/A",Government,false,"#N/A",Eidel,"#N/A","#N/A","#N/A",false,false,"#N/A",Never,"#N/A",false,true,"#N/A",Contract Based,Same,No,"#N/A","#N/A","#N/A","#N/A","#N/A","#N/A","#N/A","#N/A","#N/A","#N/A","#N/A",Customer,"#N/A","#N/A","#N/A","#N/A","#N/A","#N/A","#N/A",false,false,false,"#N/A",false,false
7f09e0fa-8e3c-420e-85ea-0f28aaf33a1e,"#N/A",2.88628E10,Moline,United States,"#N/A","#N/A","#N/A","#N/A",61265-8098,IL,1 John Deere Pl,"#N/A",Fastforward Software is the leader in Technology in Moline,"#N/A","#N/A",Technology,false,"#N/A",Tazz,"#N/A","#N/A",1.309.765.8000,false,false,"#N/A",Never,"#N/A",false,true,"#N/A",Contract Based,Same,No,"#N/A","#N/A","#N/A","#N/A","#N/A","#N/A","#N/A","#N/A","#N/A","#N/A","#N/A",Customer,"#N/A","#N/A","#N/A","#N/A","#N/A","#N/A","#N/A",false,false,false,"#N/A",false,false
7f8aadb2-d984-4505-9375-0a65ca3af17e,"#N/A","#N/A",Broomfield,USA,"#N/A","#N/A","#N/A","#N/A",80020,Colorado,1234 Hilltop Road,"#N/A",Rachel Adams is the leader in Healthcare in Broomfield,"#N/A","#N/A",Healthcare,false,"#N/A",Vimbo,"#N/A","#N/A","#N/A",false,false,"#N/A",Never,"#N/A",false,true,"#N/A",Contract Based,Same,No,"#N/A","#N/A","#N/A","#N/A","#N/A","#N/A","#N/A","#N/A","#N/A","#N/A","#N/A",Prospect,"#N/A","#N/A","#N/A","#N/A","#N/A","#N/A","#N/A",false,false,false,"#N/A",false,false
8090a28b-af09-4438-8f23-72cf82636ebf,"#N/A",7.451E10,Philadelphia,United States,"#N/A","#N/A","#N/A","#N/A",19103-2838,PA,1701 JFK Blvd,"#N/A",Initech is the leader in Technology in Philadelphia,"#N/A","#N/A",Technology,false,"#N/A",Topicstorm,"#N/A","#N/A",1.215.286.1700,false,false,"#N/A",Never,"#N/A",false,true,"#N/A",Contract Based,Same,No,"#N/A","#N/A","#N/A","#N/A","#N/A","#N/A","#N/A","#N/A","#N/A","#N/A","#N/A",Customer,"#N/A","#N/A","#N/A","#N/A","#N/A","#N/A","#N/A",false,false,false,"#N/A",false,false
81e4055e-519e-4147-a226-564efccfe2de,"#N/A",9.37328603E8,Kuraby,Australia,"#N/A","#N/A","#N/A","#N/A",4112,QLD,28 Besline St,"#N/A",Leeding Engines Ltd. is the leader in Manufacturing in Kuraby,"#N/A","#N/A",Manufacturing,false,"#N/A",Lazzy,"#N/A","#N/A",(07) 6674 6703,false,false,"#N/A",Never,"#N/A",false,true,"#N/A",Contract Based,Same,No,Kuraby,Australia,"#N/A","#N/A","#N/A",4112,QLD,28 Besline St,"#N/A","#N/A","#N/A",Customer,"#N/A","#N/A","#N/A","#N/A","#N/A","#N/A","#N/A",false,false,false,"#N/A",false,false
82b0a291-5c67-426d-820c-a72433030766,"#N/A","#N/A","#N/A","#N/A",ap@sixflags.com,"#N/A","#N/A","#N/A","#N/A",TX,"#N/A",26.0,"#N/A","#N/A",0.0,Entertainment,false,"#N/A",Six Flags Entertainment,"#N/A","#N/A","#N/A",false,false,"#N/A",Never,"#N/A",false,true,"#N/A",Contract Based,Same,No,"#N/A","#N/A","#N/A","#N/A","#N/A","#N/A","#N/A","#N/A","#N/A",12-3456789,"#N/A",Prospect,"#N/A","#N/A","#N/A","#N/A","#N/A","#N/A","#N/A",false,false,false,"#N/A",false,false
8372b05d-3a7e-4d05-8dd6-9e45dc97a56c,"#N/A",1.35962E11,Chesterbrook,United States,"#N/A","#N/A","#N/A","#N/A",19087-5594,PA,1300 Morris Dr Ste 100,"#N/A",Apogee Corp. is the leader in Manufacturing in Chesterbrook,"#N/A","#N/A",Manufacturing,false,"#N/A",Divavu,"#N/A","#N/A",1.610.727.7000,false,false,"#N/A",Never,"#N/A",false,true,"#N/A",Contract Based,Same,No,Valley Forge,US,"#N/A","#N/A","#N/A",19482-0959,PA,P.O. BOX 959,"#N/A","#N/A","#N/A",Customer,"#N/A","#N/A","#N/A","#N/A","#N/A","#N/A","#N/A",false,false,false,"#N/A",false,false
84671f5e-2608-4f73-9f91-831a40b75358,"#N/A",2.0845725E7,Cincinnati,United States,"#N/A","#N/A","#N/A","#N/A",45271,OH,08697 Ryan Junction,"#N/A","#N/A","#N/A","#N/A",Construction,false,"#N/A",Oyonder,"#N/A","#N/A","#N/A",false,false,"#N/A",Never,"#N/A",false,true,"#N/A",Contract Based,Same,No,"#N/A","#N/A","#N/A","#N/A","#N/A","#N/A","#N/A","#N/A","#N/A","#N/A","#N/A",Prospect,"#N/A","#N/A","#N/A","#N/A","#N/A","#N/A","#N/A",false,false,false,"#N/A",false,false
8599b326-90dc-46e5-a667-d916e8c20c28,"#N/A",1.07006E11,Seattle,United States,"#N/A","#N/A","#N/A","#N/A",98109-5210,WA,410 Terry Ave N,"#N/A",Heimdall College of Optometry is the leader in Higher Education in Seattle,"#N/A","#N/A",Higher Education,false,"#N/A",Bluezoom,"#N/A","#N/A",1.206.266.1000,false,false,"#N/A",Never,"#N/A",false,true,"#N/A",Contract Based,Same,No,Seattle,US,"#N/A","#N/A","#N/A",98108-1300,WA,P.O. BOX 81226,"#N/A","#N/A","#N/A",Prospect,"#N/A","#N/A","#N/A","#N/A","#N/A","#N/A","#N/A",false,false,false,"#N/A",false,false
86e71c4b-70c8-4fdf-acc6-4ccf256d455b,"#N/A",2.8711E10,San Antonio,United States,"#N/A","#N/A","#N/A","#N/A",78259-1834,TX,19100 Ridgewood Pkwy,"#N/A",General Products is the leader in Consumer Goods in San Antonio,"#N/A","#N/A",Consumer Goods,false,"#N/A",Pixoboo,"#N/A","#N/A",1.210.626.6000,false,false,"#N/A",Never,"#N/A",false,true,"#N/A",Contract Based,Same,No,Cary,US,"#N/A","#N/A","#N/A",27512-8016,NC,P.O. BOX 8016,"#N/A","#N/A","#N/A",Customer,"#N/A","#N/A","#N/A","#N/A","#N/A","#N/A","#N/A",false,false,false,"#N/A",false,false
877e70fd-5ad4-4a16-80df-10b4f839691d,"#N/A",5.1403189E8,Kogarah,Australia,"#N/A","#N/A","#N/A","#N/A",2217,NSW,2/2 Bowns Rd,"#N/A",Burleigh and Stronginthearm is the leader in Communications in Kogarah,"#N/A","#N/A",Communications,false,"#N/A",Eamia,"#N/A","#N/A",(02) 8850 8728,false,false,"#N/A",Never,"#N/A",false,true,"#N/A",Contract Based,Same,No,Kogarah,Australia,"#N/A","#N/A","#N/A",2217,NSW,2/2 Bowns Rd,"#N/A","#N/A","#N/A",Customer,"#N/A","#N/A","#N/A","#N/A","#N/A","#N/A","#N/A",false,false,false,"#N/A",false,false
8a658184-15cb-4edd-b20f-49f21cb8267a,"#N/A",1.46231103E8,Welwyn Garden City,United Kingdom,"#N/A","#N/A","#N/A","#N/A",AL7 1GA,"#N/A","Tesco House, Shire Park, Kestrel Way","#N/A",Western Gas & Electric is the leader in Biotechnology,"#N/A","#N/A",Biotechnology,false,"#N/A",Meeveo,"#N/A","#N/A","#N/A",false,false,"#N/A",Never,"#N/A",false,true,"#N/A",Contract Based,Same,No,"#N/A","#N/A","#N/A","#N/A","#N/A","#N/A","#N/A","Tesco House, Shire Park, Kestrel Way","#N/A","#N/A","#N/A",Customer,"#N/A","#N/A","#N/A","#N/A","#N/A","#N/A","#N/A",false,false,false,"#N/A",false,false
8d1172e9-b8b2-4679-a860-0da05e61c289,"#N/A",7.40417719E8,Paris,France,"#N/A","#N/A","#N/A","#N/A","#N/A","#N/A",75 Avenue de la Grande Arm√©e,"#N/A",Universal Export is the leader in Shipping,"#N/A","#N/A",Shipping,false,"#N/A",Talane,"#N/A","#N/A","#N/A",false,false,"#N/A",Never,"#N/A",false,true,"#N/A",Contract Based,Same,No,"#N/A","#N/A","#N/A","#N/A","#N/A","#N/A","#N/A","#N/A","#N/A","#N/A","#N/A",Customer,"#N/A","#N/A","#N/A","#N/A","#N/A","#N/A","#N/A",false,false,false,"#N/A",false,false
8fdba376-4bb0-4620-98a9-4f94aacf7833,"#N/A",2.38658603E8,Redcliffe,Australia,"#N/A","#N/A","#N/A","#N/A",4020,QLD,5/19-21 Shields St,"#N/A",Matt Stecklein Hospital is the leader in Healthcare in Redcliffe,"#N/A","#N/A",Healthcare,false,"#N/A",Omba,"#N/A","#N/A",(07) 7859 6584,false,false,"#N/A",Never,"#N/A",false,true,"#N/A",Contract Based,Same,No,Redcliffe,Australia,"#N/A","#N/A","#N/A",4020,QLD,5/19-21 Shields St,"#N/A","#N/A","#N/A",Customer,"#N/A","#N/A","#N/A","#N/A","#N/A","#N/A","#N/A",false,false,false,"#N/A",false,false
935f1e86-84cf-45e3-8b69-37d4b4f4075a,"#N/A",1.3162E11,New York,United States,"#N/A","#N/A","#N/A","#N/A",10036-6704,NY,1095 Ave of The Americas,"#N/A",Colonial Movers is the leader in Services in New York,"#N/A","#N/A",Services,false,"#N/A",Kazu,"#N/A","#N/A",1.212.395.1000,false,false,"#N/A",Never,"#N/A",false,true,"#N/A",Contract Based,Same,No,"#N/A","#N/A","#N/A","#N/A","#N/A","#N/A","#N/A","#N/A","#N/A","#N/A","#N/A",Prospect,"#N/A","#N/A","#N/A","#N/A","#N/A","#N/A","#N/A",false,false,false,"#N/A",false,false
93cf2b14-0f38-4b2d-8797-7dd6b2cf4459,"#N/A",1.9687E10,Springfield,United States,"#N/A","#N/A","#N/A","#N/A",01111-0001,MA,1295 State St,"#N/A",Sirius Cybernetics Corporation is the leader in Manufacturing in Springfield,"#N/A","#N/A",Manufacturing,false,"#N/A",Digitube,"#N/A","#N/A",1.413.788.8411,false,false,"#N/A",Never,"#N/A",false,true,"#N/A",Contract Based,Same,No,"#N/A","#N/A","#N/A","#N/A","#N/A","#N/A","#N/A","#N/A","#N/A","#N/A","#N/A",Prospect,"#N/A","#N/A","#N/A","#N/A","#N/A","#N/A","#N/A",false,false,false,"#N/A",false,false
94be5959-c3d8-4953-aa63-b35a48dbf95b,"#N/A",8.4202995E8,North Rhine-Westphalia,Germany,"#N/A","#N/A","#N/A","#N/A","#N/A",Leverkusen,51368 Leverkusen,"#N/A",SpringShield is the leader in Banking in North Rhine-Westphalia,"#N/A","#N/A",Banking,false,"#N/A",Fanoodle,"#N/A","#N/A","#N/A",false,false,"#N/A",Never,"#N/A",false,true,"#N/A",Contract Based,Same,No,"#N/A","#N/A","#N/A","#N/A","#N/A","#N/A","#N/A","#N/A","#N/A","#N/A","#N/A",Prospect,"#N/A","#N/A","#N/A","#N/A","#N/A","#N/A","#N/A",false,false,false,"#N/A",false,false
960ebb34-1da2-4126-a030-0c1ebff7384b,"#N/A",4.33338781E8,Docklands,Australia,"#N/A","#N/A","#N/A","#N/A",3008,VIC,50 Kerra Way,"#N/A",Gizmonic Institute is the leader in Media in Docklands,"#N/A","#N/A",Media,false,"#N/A",Ooba,"#N/A","#N/A",(03) 6257 7887,false,false,"#N/A",Never,"#N/A",false,true,"#N/A",Contract Based,Same,No,Docklands,Australia,"#N/A","#N/A","#N/A",3008,VIC,50 Kerra Way,"#N/A","#N/A","#N/A",Customer,"#N/A","#N/A","#N/A","#N/A","#N/A","#N/A","#N/A",false,false,false,"#N/A",false,false
97841fd2-ea3d-4206-96aa-ab96682dd6f1,"#N/A",3.7864E10,Chicago,United States,"#N/A","#N/A","#N/A","#N/A",60606-7147,IL,233 S Wacker Dr,"#N/A",Realia Home is the leader in Retail in Chicago,"#N/A","#N/A",Retail,false,"#N/A",Edgetag,"#N/A","#N/A",1.872.825.4000,false,false,"#N/A",Never,"#N/A",false,true,"#N/A",Contract Based,Same,No,"#N/A","#N/A","#N/A","#N/A","#N/A","#N/A","#N/A",29 Noalimba Cr,"#N/A","#N/A","#N/A",Prospect,"#N/A","#N/A","#N/A","#N/A","#N/A","#N/A","#N/A",false,false,false,"#N/A",false,false
99440eaf-b2af-402a-a8b9-739ddfbfce1f,"#N/A",3308479.0,Sioux City,United States,"#N/A","#N/A","#N/A","#N/A",51105,OH,574 Duke Circle,"#N/A","#N/A","#N/A","#N/A",Financial Services,false,"#N/A",Blogspan,"#N/A","#N/A","#N/A",false,false,"#N/A",Never,"#N/A",false,true,"#N/A",Contract Based,Same,No,"#N/A","#N/A","#N/A","#N/A","#N/A","#N/A","#N/A","#N/A","#N/A","#N/A","#N/A",Prospect,"#N/A","#N/A","#N/A","#N/A","#N/A","#N/A","#N/A",false,false,false,"#N/A",false,false
995ec204-98ee-4cc3-9bdc-021a141c85d7,"#N/A","#N/A","#N/A","#N/A",ap@kfc.com.invalid.invalid.invalid,"#N/A","#N/A","#N/A","#N/A","#N/A","#N/A",1500.0,"#N/A","#N/A",21621.0,Restaurant,false,"#N/A",KFC,500,"#N/A","#N/A",false,false,"#N/A",Never,"#N/A",false,true,"#N/A",Contract Based,Same,No,"#N/A","#N/A","#N/A","#N/A","#N/A","#N/A","#N/A","#N/A","#N/A",52-7723467,"#N/A",Customer,"#N/A","#N/A","#N/A","#N/A","#N/A","#N/A","#N/A",false,false,false,"#N/A",false,false
997320e4-0783-4bd4-b81f-67e6ca458831,"#N/A",2.4520919E7,Pueblo,United States,"#N/A","#N/A","#N/A","#N/A",81005,CO,336 Erie Plaza,"#N/A","#N/A","#N/A","#N/A",Utilities,false,"#N/A",Linklinks,"#N/A","#N/A","#N/A",false,false,"#N/A",Never,"#N/A",false,true,"#N/A",Contract Based,Same,No,"#N/A","#N/A","#N/A","#N/A","#N/A","#N/A","#N/A","#N/A","#N/A","#N/A","#N/A",Prospect,"#N/A","#N/A","#N/A","#N/A","#N/A","#N/A","#N/A",false,false,false,"#N/A",false,false
9a3fd42c-49f5-4db4-948f-5048657614c0,"#N/A",9.43474187E8,Woollahra,Australia,"#N/A","#N/A","#N/A","#N/A",2025,NSW,6 Rush St,"#N/A",Rouster and Sideways is the leader in Insurance in Woollahra,"#N/A","#N/A",Insurance,false,"#N/A",Browsecat,"#N/A","#N/A",(02) 8325 6428,false,false,"#N/A",Never,"#N/A",false,true,"#N/A",Contract Based,Same,No,Woollahra,Australia,"#N/A","#N/A","#N/A",2025,NSW,6 Rush St,"#N/A","#N/A","#N/A",Customer,"#N/A","#N/A","#N/A","#N/A","#N/A","#N/A","#N/A",false,false,false,"#N/A",false,false
9b4229d1-5284-450e-878f-5ca218c600e4,"#N/A",6.9951E10,New York,United States,"#N/A","#N/A","#N/A","#N/A",10166-0188,NY,200 Park Ave FL 1200,"#N/A",Synaptic Networking Solutions is the leader in Communications in New York,"#N/A","#N/A",Communications,false,"#N/A",DabZ,"#N/A","#N/A",1.212.578.2211,false,false,"#N/A",Never,"#N/A",false,true,"#N/A",Contract Based,Same,No,"#N/A","#N/A","#N/A","#N/A","#N/A","#N/A","#N/A","#N/A","#N/A","#N/A","#N/A",Prospect,"#N/A","#N/A","#N/A","#N/A","#N/A","#N/A","#N/A",false,false,false,"#N/A",false,false
9bcb24e8-8d86-49bf-8957-8450c6a8de5d,"#N/A",2.55815146E8,Baden-W√ºrttemberg,Germany,"#N/A","#N/A","#N/A","#N/A","#N/A",Stuttgart,70173,"#N/A",St Francis West Side is the leader in Healthcare in Baden-W√ºrttemberg,"#N/A","#N/A",Healthcare,false,"#N/A",Skaboo,"#N/A","#N/A","#N/A",false,false,"#N/A",Never,"#N/A",false,true,"#N/A",Contract Based,Same,No,"#N/A","#N/A","#N/A","#N/A","#N/A","#N/A","#N/A","#N/A","#N/A","#N/A","#N/A",Customer,"#N/A","#N/A","#N/A","#N/A","#N/A","#N/A","#N/A",false,false,false,"#N/A",false,false
9d4ba725-0022-4940-9a2a-0df6a4e1fb36,"#N/A",4.528576E8,North Sydney,Australia,"#N/A","#N/A","#N/A","#N/A",2060,NSW,54 McLaren Street,"#N/A",Demo Company is the leader in Consulting in North Sydney,"#N/A","#N/A",Consulting,false,"#N/A",Topiclounge,"#N/A","#N/A",(02) 8592 7342,false,false,"#N/A",Never,"#N/A",false,true,"#N/A",Contract Based,Same,No,North Sydney,Australia,"#N/A","#N/A","#N/A",2060,NSW,54 McLaren Street,"#N/A","#N/A","#N/A",Customer,"#N/A","#N/A","#N/A","#N/A","#N/A","#N/A","#N/A",false,false,false,"#N/A",false,false
a114c42d-6ea2-4ea1-a4e7-38881919595c,"#N/A",9.3056E10,Charlotte,United States,"#N/A","#N/A","#N/A","#N/A",28202-4031,NC,100 N Tryon St Ste 220,"#N/A",Velso International is the leader in Manufacturing in Charlotte,"#N/A","#N/A",Manufacturing,false,"#N/A",Dynazzy,"#N/A","#N/A",1.704.386.5681,false,false,"#N/A",Never,"#N/A",false,true,"#N/A",Contract Based,Same,No,"#N/A","#N/A","#N/A","#N/A","#N/A","#N/A","#N/A","#N/A","#N/A","#N/A","#N/A",Customer,"#N/A","#N/A","#N/A","#N/A","#N/A","#N/A","#N/A",false,false,false,"#N/A",false,false
a210dbf5-560e-4d74-81e3-3bad99e2aff5,"#N/A","#N/A",Toronto,Canada,accounting@globalmedia.com,"#N/A","#N/A","#N/A",L4B 1Y3,Ontario,150 Chestnut Street,2.0,"GBM is the worldwide leader in technology news and information on the Web and the producer of the longest-running and farthest-reaching television shows about technology. GBM's network of sites combines breakthrough interactive technology with engaging content and design and is consistently ranked as the Internet's leading content network in terms of both audience size and revenue, serving millions of users each day. The company's television programming is broadcast by the USA Network and the Sci-Fi Channel to more than 70 million households and is syndicated to broadcast television stations in the nation's top 120 markets, including the top 10 markets.","#N/A",0.0,Corporate Office,false,"#N/A",Global Media,14668,"#N/A",(905) 555-1212,false,false,"#N/A","#N/A","#N/A",false,false,"#N/A","#N/A","#N/A","#N/A",Toronto,Canada,"#N/A","#N/A","#N/A",L4B 1Y3,Ontario,150 Chestnut Street,"#N/A",12-3456789,"#N/A",Prospect,"#N/A","#N/A","#N/A","#N/A","#N/A","#N/A","#N/A",false,false,false,"#N/A",false,false
a2a6e1a6-d3cb-4837-b912-51f00fd7f3f2,"#N/A","#N/A","#N/A","#N/A",billing@marriott.com.invalid.invalid.invalid.invalid.invalid,"#N/A","#N/A","#N/A","#N/A",MD,"#N/A",2170.0,"#N/A","#N/A",5314.0,Hospitality,false,"#N/A",Marriott Hotels,170234,"#N/A","#N/A",false,false,"#N/A",Never,"#N/A",false,true,"#N/A",Contract Based,Same,No,"#N/A","#N/A","#N/A","#N/A","#N/A","#N/A","#N/A","#N/A","#N/A",74-7666344,"#N/A",Customer,"#N/A","#N/A","#N/A","#N/A","#N/A","#N/A","#N/A",false,false,false,"#N/A",false,false
a2cb4290-de9b-4996-b4cb-3cd238dc2427,"#N/A",3.0944938E10,Framingham,United States,"#N/A","#N/A","#N/A","#N/A",01701-4698,MA,770 Cochituate Rd Ste 1,"#N/A",Prandial Foods is the leader in Consumer Goods in Framingham,"#N/A","#N/A",Consumer Goods,false,"#N/A",Yodel,"#N/A","#N/A",1.508.390.1000,false,false,"#N/A",Never,"#N/A",false,true,"#N/A",Contract Based,Same,No,Framingham,US,"#N/A","#N/A","#N/A",01701-9133,MA,P.O. BOX 9133,"#N/A","#N/A","#N/A",Customer,"#N/A","#N/A","#N/A","#N/A","#N/A","#N/A","#N/A",false,false,false,"#N/A",false,false
a5f4eed6-0e85-42fe-af1e-32cb3609cd88,"#N/A",1222212.0,Indianapolis,United States,"#N/A","#N/A","#N/A","#N/A",46202,IN,71 Miller Hill,"#N/A","#N/A","#N/A","#N/A",Utilities,false,"#N/A",Jabbertype,"#N/A","#N/A","#N/A",false,false,"#N/A",Never,"#N/A",false,true,"#N/A",Contract Based,Same,No,"#N/A","#N/A","#N/A","#N/A","#N/A","#N/A","#N/A","#N/A","#N/A","#N/A","#N/A",Prospect,"#N/A","#N/A","#N/A","#N/A","#N/A","#N/A","#N/A",false,false,false,"#N/A",false,false
a5f7a621-6025-4a71-99cf-2fe1f1f1e47a,"#N/A",7.6279E10,Cincinnati,United States,"#N/A","#N/A","#N/A","#N/A",45202-3393,OH,1 Procter and Gamble Plz,"#N/A",ADM Goods is the leader in Consumer Goods in Cincinnati,"#N/A","#N/A",Consumer Goods,false,"#N/A",Voonix,"#N/A","#N/A",1.513.983.1100,false,false,"#N/A",Never,"#N/A",false,true,"#N/A",Contract Based,Same,No,Cincinnati,US,"#N/A","#N/A","#N/A",45201-0599,OH,P.O. BOX 599,"#N/A","#N/A","#N/A",Customer,"#N/A","#N/A","#N/A","#N/A","#N/A","#N/A","#N/A",false,false,false,"#N/A",false,false
a6cd4c93-1ecd-42b8-9e58-c0e36c33c120,"#N/A",6.52105621E8,Ettalong Beach,Australia,"#N/A","#N/A","#N/A","#N/A",2257,NSW,356 Ocean View Rd,"#N/A",Mainway Toys is the leader in Retail in Ettalong Beach,"#N/A","#N/A",Retail,false,"#N/A",Podcat,"#N/A","#N/A",(02) 7575 8703,false,false,"#N/A",Never,"#N/A",false,true,"#N/A",Contract Based,Same,No,Ettalong Beach,Australia,"#N/A","#N/A","#N/A",2257,NSW,356 Ocean View Rd,"#N/A","#N/A","#N/A",Prospect,"#N/A","#N/A","#N/A","#N/A","#N/A","#N/A","#N/A",false,false,false,"#N/A",false,false
a81e9197-f0f4-4ed5-90bf-11a2b5cfad59,"#N/A",8.4202995E8,Mitchelton,Australia,"#N/A","#N/A","#N/A","#N/A",4053,QLD,34 Frasers Rd,"#N/A",Christian Lavendar Hospital is the leader in Healthcare in Mitchelton,"#N/A","#N/A",Healthcare,false,"#N/A",Viva,"#N/A","#N/A",(07) 8057 8902,false,false,"#N/A",Never,"#N/A",false,true,"#N/A",Contract Based,Same,No,Mitchelton,Australia,"#N/A","#N/A","#N/A",4053,QLD,34 Frasers Rd,"#N/A","#N/A","#N/A",Customer,"#N/A","#N/A","#N/A","#N/A","#N/A","#N/A","#N/A",false,false,false,"#N/A",false,false
a907dd03-3aa1-4ffc-a447-71616f7d1a30,"#N/A",3.9208E10,New York,United States,"#N/A","#N/A","#N/A","#N/A",10282-2198,NY,200 West St Bldg 200,"#N/A","Voltronics, Inc. is the leader in Energy in New York","#N/A","#N/A",Energy,false,"#N/A",Buzzbean,"#N/A","#N/A",1.212.902.1000,false,false,"#N/A",Never,"#N/A",false,true,"#N/A",Contract Based,Same,No,"#N/A","#N/A","#N/A","#N/A","#N/A","#N/A","#N/A","#N/A","#N/A","#N/A","#N/A",Prospect,"#N/A","#N/A","#N/A","#N/A","#N/A","#N/A","#N/A",false,false,false,"#N/A",false,false
aa2d6342-d459-4c8f-8dcd-2a3caf4d9b0e,"#N/A",4.93945873E8,Bacchus Marsh,Australia,"#N/A","#N/A","#N/A","#N/A",3340,VIC,57 Clifton Dr,"#N/A",PK South is the leader in Healthcare in Bacchus Marsh,"#N/A","#N/A",Healthcare,false,"#N/A",Gigaclub,"#N/A","#N/A",(03) 6472 8807,false,false,"#N/A",Never,"#N/A",false,true,"#N/A",Contract Based,Same,No,Bacchus Marsh,Australia,"#N/A","#N/A","#N/A",3340,VIC,57 Clifton Dr,"#N/A","#N/A","#N/A",Customer,"#N/A","#N/A","#N/A","#N/A","#N/A","#N/A","#N/A",false,false,false,"#N/A",false,false
aa8d8888-5768-4b14-82ee-13069db41b10,"#N/A",3.7876E10,Bloomfield,United States,"#N/A","#N/A","#N/A","#N/A",06002-2920,CT,900 Cottage Grove Rd,"#N/A",Trek Broadcasting is the leader in Media in Bloomfield,"#N/A","#N/A",Media,false,"#N/A",Quimm,"#N/A","#N/A",1.860.226.6000,false,false,"#N/A",Never,"#N/A",false,true,"#N/A",Contract Based,Same,No,"#N/A","#N/A","#N/A","#N/A","#N/A","#N/A","#N/A","#N/A","#N/A","#N/A","#N/A",Customer,"#N/A","#N/A","#N/A","#N/A","#N/A","#N/A","#N/A",false,false,false,"#N/A",false,false
aafe5402-b135-4ca9-a1cd-7d2fc68f56ca,"#N/A",4.4294E10,Atlanta,United States,"#N/A","#N/A","#N/A","#N/A",30313-2499,GA,1 Coca Cola Plz NW,"#N/A",Transworld Consortium is the leader in Energy in Atlanta,"#N/A","#N/A",Energy,false,"#N/A",Thoughtmix,"#N/A","#N/A",1.404.676.2121,false,false,"#N/A",Never,"#N/A",false,true,"#N/A",Contract Based,Same,No,Atlanta,US,"#N/A","#N/A","#N/A",30301-1734,GA,P.O. BOX 1734,"#N/A","#N/A","#N/A",Customer,"#N/A","#N/A","#N/A","#N/A","#N/A","#N/A","#N/A",false,false,false,"#N/A",false,false
acb65e12-e09c-4193-b3be-041faa98d4e7,"#N/A",2.68882E11,Irving,United States,"#N/A","#N/A","#N/A","#N/A",75039-2298,TX,5959 Las Colinas Blvd,"#N/A","Custom Metal, LLC is the leader in Automotive in Irving","#N/A","#N/A",Automotive,false,"#N/A",Realfire,"#N/A","#N/A",1.972.444.1000,false,false,"#N/A",Never,"#N/A",false,true,"#N/A",Contract Based,Same,No,"#N/A","#N/A","#N/A","#N/A","#N/A","#N/A","#N/A","#N/A","#N/A","#N/A","#N/A",Customer,"#N/A","#N/A","#N/A","#N/A","#N/A","#N/A","#N/A",false,false,false,"#N/A",false,false
ad8c1939-d4f4-42a9-a5ec-b9436cdfdaa4,"#N/A",2.4638374E7,San Jose,United States,"#N/A","#N/A","#N/A","#N/A",95113,CA,5565 Maple Wood Street,"#N/A","#N/A","#N/A","#N/A",Retail,false,"#N/A",Browsezoom,"#N/A","#N/A","#N/A",false,false,"#N/A",Never,"#N/A",false,true,"#N/A",Contract Based,Same,No,"#N/A","#N/A","#N/A","#N/A","#N/A","#N/A","#N/A","#N/A","#N/A","#N/A","#N/A",Prospect,"#N/A","#N/A","#N/A","#N/A","#N/A","#N/A","#N/A",false,false,false,"#N/A",false,false
b19d0c1a-23f3-42d9-b4eb-d0d6890b7e59,"#N/A",3.85068818E8,Cranbourne,Australia,"#N/A","#N/A","#N/A","#N/A",3977,VIC,40 Toirram Cr,"#N/A",Monarch Playing Card Co. is the leader in Education in Cranbourne,"#N/A","#N/A",Education,false,"#N/A",Bubblemix,"#N/A","#N/A",(03) 7305 6379,false,false,"#N/A",Never,"#N/A",false,true,"#N/A",Contract Based,Same,No,Cranbourne,Australia,"#N/A","#N/A","#N/A",3977,VIC,40 Toirram Cr,"#N/A","#N/A","#N/A",Prospect,"#N/A","#N/A","#N/A","#N/A","#N/A","#N/A","#N/A",false,false,false,"#N/A",false,false
b1ceef34-22c9-4fa9-8e27-907abed70b2d,"#N/A",1.46231103E8,Kensington,Australia,"#N/A","#N/A","#N/A","#N/A",1465,NSW,4/81 Doncaster Av,"#N/A",SB North is the leader in Healthcare in Kensington,"#N/A","#N/A",Healthcare,false,"#N/A",Quire,"#N/A","#N/A",(02) 6721 8929,false,false,"#N/A",Never,"#N/A",false,true,"#N/A",Contract Based,Same,No,Kensington,Australia,"#N/A","#N/A","#N/A",1465,NSW,4/81 Doncaster Av,"#N/A","#N/A","#N/A",Customer,"#N/A","#N/A","#N/A","#N/A","#N/A","#N/A","#N/A",false,false,false,"#N/A",false,false
b1fce8b2-b372-4d6a-9f1b-81caf29c80cf,"#N/A",6.8846673E7,Como,Australia,"#N/A","#N/A","#N/A","#N/A",2226,NSW,67 Como Pde,"#N/A",Megadodo Publications is the leader in Consulting in Como,"#N/A","#N/A",Consulting,false,"#N/A",Jaxspan,"#N/A","#N/A",(02) 6849 6177,false,false,"#N/A",Never,"#N/A",false,true,"#N/A",Contract Based,Same,No,Como,Australia,"#N/A","#N/A","#N/A",2226,NSW,67 Como Pde,"#N/A","#N/A","#N/A",Prospect,"#N/A","#N/A","#N/A","#N/A","#N/A","#N/A","#N/A",false,false,false,"#N/A",false,false
b2176b9e-ff4e-4ea9-8458-01817a3296f9,"#N/A",7.41215097E8,Osaka,Japan,"#N/A","#N/A","#N/A","#N/A","#N/A","#N/A","1006, Oaza Kadoma","#N/A",TSM South is the leader in Healthcare,"#N/A","#N/A",Healthcare,false,"#N/A",Flipbug,"#N/A","#N/A","#N/A",false,false,"#N/A",Never,"#N/A",false,true,"#N/A",Contract Based,Same,No,"#N/A","#N/A","#N/A","#N/A","#N/A","#N/A","#N/A","#N/A","#N/A","#N/A","#N/A",Prospect,"#N/A","#N/A","#N/A","#N/A","#N/A","#N/A","#N/A",false,false,false,"#N/A",false,false
b2edde34-c7db-44f9-bb20-6579f29ba9ed,"#N/A",4.8851E10,New York,United States,"#N/A","#N/A","#N/A","#N/A",10017-5703,NY,235 E 42nd St,"#N/A",Procurabl Holdings Inc. is the leader in Manufacturing in New York,"#N/A","#N/A",Manufacturing,false,"#N/A",Mybuzz,"#N/A","#N/A",1.212.733.2323,false,false,"#N/A",Never,"#N/A",false,true,"#N/A",Contract Based,Same,No,"#N/A","#N/A","#N/A","#N/A","#N/A","#N/A","#N/A","#N/A","#N/A","#N/A","#N/A",Customer,"#N/A","#N/A","#N/A","#N/A","#N/A","#N/A","#N/A",false,false,false,"#N/A",false,false
b352a9c7-916a-45b3-a43f-a6a22f620a17,"#N/A",3317099.0,Houston,United States,"#N/A","#N/A","#N/A","#N/A",77240,TX,6051 Northridge Park,"#N/A","#N/A","#N/A","#N/A",Consulting,false,"#N/A",Gevee,"#N/A","#N/A","#N/A",false,false,"#N/A",Never,"#N/A",false,true,"#N/A",Contract Based,Same,No,"#N/A","#N/A","#N/A","#N/A","#N/A","#N/A","#N/A","#N/A","#N/A","#N/A","#N/A",Prospect,"#N/A","#N/A","#N/A","#N/A","#N/A","#N/A","#N/A",false,false,false,"#N/A",false,false
b4203b29-f061-4df0-8364-c7c0d26a96ce,"#N/A",1.0983E11,Cincinnati,United States,"#N/A","#N/A","#N/A","#N/A",45202-1100,OH,1014 Vine St Ste 1000,"#N/A",Hagan University is the leader in Higher Education in Cincinnati,"#N/A","#N/A",Higher Education,false,"#N/A",Fiveclub,"#N/A","#N/A",1.513.762.4000,false,false,"#N/A",Never,"#N/A",false,true,"#N/A",Contract Based,Same,No,"#N/A","#N/A","#N/A","#N/A","#N/A","#N/A","#N/A","#N/A","#N/A","#N/A","#N/A",Customer,"#N/A","#N/A","#N/A","#N/A","#N/A","#N/A","#N/A",false,false,false,"#N/A",false,false
b57e6cfb-9033-433b-8984-1fcd165516ac,"#N/A",1.78663741E8,Canary Wharf,United Kingdom,"#N/A","#N/A","#N/A","#N/A",E14 5AJ,London,1 Canada Square,"#N/A",St. Francis Hospital is the leader in Healthcare in Canary Wharf,"#N/A","#N/A",Healthcare,false,"#N/A",Meembee,"#N/A","#N/A","#N/A",false,false,"#N/A",Never,"#N/A",false,true,"#N/A",Contract Based,Same,No,"#N/A","#N/A","#N/A","#N/A","#N/A","#N/A","#N/A","#N/A","#N/A","#N/A","#N/A",Customer,"#N/A","#N/A","#N/A","#N/A","#N/A","#N/A","#N/A",false,false,false,"#N/A",false,false
ba01751e-25a2-42a4-b0a7-302ab23a6ff0,"#N/A","#N/A","#N/A","#N/A",accounting@saintmarys.edu,"#N/A","#N/A","#N/A","#N/A",IN,"#N/A",1.0,"#N/A","#N/A",0.0,Education,false,"#N/A",Saint Mary's College,350,"#N/A","#N/A",false,false,"#N/A",Never,"#N/A",false,true,"#N/A",Contract Based,Same,No,"#N/A","#N/A","#N/A","#N/A","#N/A","#N/A","#N/A","#N/A","#N/A",12-3456789,"#N/A",Customer,"#N/A","#N/A","#N/A","#N/A","#N/A","#N/A","#N/A",false,false,false,"#N/A",false,false
bd2199cd-d784-421f-b23d-2fc775874722,"#N/A",3.02983857E8,Bateman,Australia,"#N/A","#N/A","#N/A","#N/A",6150,WA,29 Noalimba Cr,"#N/A",North Central Positronics is the leader in Energy in Bateman,"#N/A","#N/A",Energy,false,"#N/A",Kayveo,"#N/A","#N/A",(08) 7367 7550,false,false,"#N/A",Never,"#N/A",false,true,"#N/A",Contract Based,Same,No,Bateman,Australia,"#N/A","#N/A","#N/A",6150,WA,29 Noalimba Cr,"#N/A","#N/A","#N/A",Customer,"#N/A","#N/A","#N/A","#N/A","#N/A","#N/A","#N/A",false,false,false,"#N/A",false,false
bdd5114f-a344-4ca4-8dd4-214666b304eb,"#N/A",2.55815146E8,Annerley,Australia,"#N/A","#N/A","#N/A","#N/A",4103,QLD,10 Wingfield St,"#N/A",Chez Quis is the leader in Retail in Annerley,"#N/A","#N/A",Retail,false,"#N/A",Rhycero,"#N/A","#N/A",(07) 6433 7486,false,false,"#N/A",Never,"#N/A",false,true,"#N/A",Contract Based,Same,No,Annerley,Australia,"#N/A","#N/A","#N/A",4103,QLD,10 Wingfield St,"#N/A","#N/A","#N/A",Customer,"#N/A","#N/A","#N/A","#N/A","#N/A","#N/A","#N/A",false,false,false,"#N/A",false,false
be62b07f-f86a-445a-bede-0aff9e1a9948,"#N/A","#N/A",Broomfield,USA,"#N/A","#N/A","#N/A","#N/A",80020,Colorado,1234 Hilltop Road,"#N/A",Adams Household is the leader in Healthcare in Broomfield,"#N/A","#N/A",Healthcare,false,"#N/A",Gabtune,"#N/A","#N/A",(720) 562-5896,false,false,"#N/A",Never,"#N/A",false,true,"#N/A",Contract Based,Same,No,"#N/A","#N/A","#N/A","#N/A","#N/A","#N/A","#N/A","#N/A","#N/A","#N/A","#N/A",Prospect,"#N/A","#N/A","#N/A","#N/A","#N/A","#N/A","#N/A",false,false,false,"#N/A",false,false
bf628e49-41f3-4ce8-a940-7f2fa1a9007a,"#N/A",9.05588171E8,Lansvale,Australia,"#N/A","#N/A","#N/A","#N/A",2166,NSW,4 Riverside Rd,"#N/A",Sixty Second Avenue is the leader in Agriculture in Lansvale,"#N/A","#N/A",Agriculture,false,"#N/A",Zoomlounge,"#N/A","#N/A",(02) 6837 7271,false,false,"#N/A",Never,"#N/A",false,true,"#N/A",Contract Based,Same,No,Lansvale,Australia,"#N/A","#N/A","#N/A",2166,NSW,4 Riverside Rd,"#N/A","#N/A","#N/A",Customer,"#N/A","#N/A","#N/A","#N/A","#N/A","#N/A","#N/A",false,false,false,"#N/A",false,false
c4b73123-ec5e-4707-aa06-99e380250919,"#N/A","#N/A","#N/A","#N/A",billing@popeyes.co,"#N/A","#N/A","#N/A","#N/A","#N/A","#N/A",30.0,"#N/A","#N/A",3072.0,Restaurant,false,"#N/A",Popeyes,"#N/A","#N/A","#N/A",false,false,"#N/A",Never,"#N/A",false,true,"#N/A",Contract Based,Same,No,"#N/A","#N/A","#N/A","#N/A","#N/A","#N/A","#N/A","#N/A","#N/A",12-3456789,"#N/A",Customer,"#N/A","#N/A","#N/A","#N/A","#N/A","#N/A","#N/A",false,false,false,"#N/A",false,false
c73d35e2-a645-4ce3-9435-0b2678c90a2b,"#N/A","#N/A","#N/A","#N/A","#N/A","#N/A","#N/A","#N/A","#N/A",CO,"#N/A",8.0,"#N/A","#N/A","#N/A","#N/A",false,"#N/A",New Account 02-DEC-2021,"#N/A","#N/A","#N/A",false,false,"#N/A",Never,"#N/A",false,true,"#N/A",Contract Based,Same,No,"#N/A","#N/A","#N/A","#N/A","#N/A","#N/A","#N/A","#N/A","#N/A","#N/A","#N/A",Prospect,"#N/A","#N/A","#N/A","#N/A","#N/A","#N/A","#N/A",false,false,false,"#N/A",false,false
c90c34be-5a65-4a9d-8b21-867d838203cc,"#N/A",4.099E10,Fort Worth,United States,"#N/A","#N/A","#N/A","#N/A",76155-2664,TX,4333 Amon Carter Blvd,"#N/A",Primary Printing is the leader in Media in Fort Worth,"#N/A","#N/A",Media,false,"#N/A",Zazio,"#N/A","#N/A",1.817.963.1234,false,false,"#N/A",Never,"#N/A",false,true,"#N/A",Contract Based,Same,No,Dallas,US,"#N/A","#N/A","#N/A",75261-9616,TX,P.O. BOX 619616,"#N/A","#N/A","#N/A",Prospect,"#N/A","#N/A","#N/A","#N/A","#N/A","#N/A","#N/A",false,false,false,"#N/A",false,false
ca529e4e-a4f5-4433-a075-f994501e4b7a,"#N/A",1.58331476E8,London,United Kingdom,"#N/A","#N/A","#N/A","#N/A",SE1 7NA,"#N/A",Shell Centre,"#N/A",Videlectrix is the leader in Electronics,"#N/A","#N/A",Electronics,false,"#N/A",Livefish,"#N/A","#N/A","#N/A",false,false,"#N/A",Never,"#N/A",false,true,"#N/A",Contract Based,Same,No,"#N/A","#N/A","#N/A","#N/A","#N/A","#N/A","#N/A","#N/A","#N/A","#N/A","#N/A",Customer,"#N/A","#N/A","#N/A","#N/A","#N/A","#N/A","#N/A",false,false,false,"#N/A",false,false
ca8274ca-d306-4397-b5e4-7cfb4d7c2fc0,"#N/A",5.45137679E8,Bibra Lake,Australia,"#N/A","#N/A","#N/A","#N/A",6163,WA,13 Joshua Cl,"#N/A",PK North is the leader in Healthcare in Bibra Lake,"#N/A","#N/A",Healthcare,false,"#N/A",Jazzy,"#N/A","#N/A",(08) 7593 7049,false,false,"#N/A",Never,"#N/A",false,true,"#N/A",Contract Based,Same,No,Bibra Lake,Australia,"#N/A","#N/A","#N/A",6163,WA,13 Joshua Cl,"#N/A","#N/A","#N/A",Prospect,"#N/A","#N/A","#N/A","#N/A","#N/A","#N/A","#N/A",false,false,false,"#N/A",false,false
caa1f3fd-7988-477c-bb02-6d2685408a42,"#N/A",9.0033E10,San Francisco,United States,"#N/A","#N/A","#N/A","#N/A",94104-1205,CA,420 Montgomery St Frnt,"#N/A",Cryptocurrents is the leader in Financial Services in San Francisco,"#N/A","#N/A",Financial Services,false,"#N/A",Trunyx,"#N/A","#N/A",1.866.878.5865,false,false,"#N/A",Never,"#N/A",false,true,"#N/A",Contract Based,Same,No,"#N/A","#N/A","#N/A","#N/A","#N/A","#N/A","#N/A",420 Montgomery St Frnt,"#N/A","#N/A","#N/A",Prospect,"#N/A","#N/A","#N/A","#N/A","#N/A","#N/A","#N/A",false,false,false,"#N/A",false,false
ce39439c-7b10-4f8f-abdf-ec044e2abe87,"#N/A","#N/A","#N/A","#N/A",accounting@regal.com,"#N/A","#N/A","#N/A","#N/A","#N/A","#N/A",549.0,"#N/A","#N/A",0.0,Entertainment,false,"#N/A",Regal Cinemas,"#N/A","#N/A","#N/A",false,false,"#N/A",Never,"#N/A",false,true,"#N/A",Contract Based,Same,No,"#N/A","#N/A","#N/A","#N/A","#N/A","#N/A","#N/A","#N/A","#N/A",12-3456789,"#N/A",Customer,"#N/A","#N/A","#N/A","#N/A","#N/A","#N/A","#N/A",false,false,false,"#N/A",false,false
ce8bc2d0-b646-433f-8ea3-711a55cfa57f,"#N/A",4.8213E11,Bentonville,United States,"#N/A","#N/A","#N/A","#N/A",72716-6299,AR,702 SW 8th St,"#N/A",Upward Financial Services is the leader in Financial Services in Bentonville,"#N/A","#N/A",Financial Services,false,"#N/A",Photofeed,"#N/A","#N/A",1.479.273.4000,false,false,"#N/A",Never,"#N/A",false,true,"#N/A",Contract Based,Same,No,"#N/A","#N/A","#N/A","#N/A","#N/A","#N/A","#N/A","#N/A","#N/A","#N/A","#N/A",Prospect,"#N/A","#N/A","#N/A","#N/A","#N/A","#N/A","#N/A",false,false,false,"#N/A",false,false
cf8b4195-efd0-47d8-994a-993225f44bd3,"#N/A",1.90884E11,San Francisco,United States,"#N/A","#N/A","#N/A","#N/A",94104-5284,CA,1 Post St FL 18,"#N/A",Save the Wild is the leader in Non Profit in San Francisco,"#N/A","#N/A",Non Profit,false,"#N/A",Shuffletag,"#N/A","#N/A",1.415.983.8300,false,false,"#N/A",Never,"#N/A",false,true,"#N/A",Contract Based,Same,No,"#N/A","#N/A","#N/A","#N/A","#N/A","#N/A","#N/A",3003 E 3rd Ave #201,"#N/A","#N/A","#N/A",Customer,"#N/A","#N/A","#N/A","#N/A","#N/A","#N/A","#N/A",false,false,false,"#N/A",false,false
d00f2b29-8713-4062-8a8f-127f4b18c440,"#N/A",2.3633E10,Houston,United States,"#N/A","#N/A","#N/A","#N/A",77032-3299,TX,3000 N Sam Houston Pkwy E,"#N/A",Systym Vitals is the leader in Technology in Houston,"#N/A","#N/A",Technology,false,"#N/A",Twinder,"#N/A","#N/A",1.281.871.2699,false,false,"#N/A",Never,"#N/A",false,true,"#N/A",Contract Based,Same,No,"#N/A","#N/A","#N/A","#N/A","#N/A","#N/A","#N/A","#N/A","#N/A","#N/A","#N/A",Prospect,"#N/A","#N/A","#N/A","#N/A","#N/A","#N/A","#N/A",false,false,false,"#N/A",false,false
d1ee5986-ee27-42dd-90d0-808950c1afbe,"#N/A","#N/A","#N/A","#N/A",ap@pizzahut.com.invalid,"#N/A","#N/A","#N/A","#N/A","#N/A","#N/A",703.0,"#N/A","#N/A",18000.0,Restaurant,false,"#N/A",Pizza Hut,"#N/A","#N/A","#N/A",false,false,"#N/A",Never,"#N/A",false,true,"#N/A",Contract Based,Same,No,"#N/A","#N/A","#N/A","#N/A","#N/A","#N/A","#N/A","#N/A","#N/A",34-0228021,"#N/A",Prospect,"#N/A","#N/A","#N/A","#N/A","#N/A","#N/A","#N/A",false,false,false,"#N/A",false,false
d353a752-1c12-445e-badc-27f812df4b2c,"#N/A",6.30331409E8,Berlin,Germany,"#N/A","#N/A","#N/A","#N/A","#N/A",Berlin,Friedrich-Ebert-Allee 140,"#N/A",Tara Shea Micko Hospital is the leader in Healthcare in Berlin,"#N/A","#N/A",Healthcare,false,"#N/A",Yozio,"#N/A","#N/A","#N/A",false,false,"#N/A",Never,"#N/A",false,true,"#N/A",Contract Based,Same,No,"#N/A","#N/A","#N/A","#N/A","#N/A","#N/A","#N/A","#N/A","#N/A","#N/A","#N/A",Customer,"#N/A","#N/A","#N/A","#N/A","#N/A","#N/A","#N/A",false,false,false,"#N/A",false,false
d549e4ad-fc79-4b02-b115-9a3d64ee3b6d,"#N/A",2.70279E10,Houston,United States,"#N/A","#N/A","#N/A","#N/A",77002-5432,TX,1100 Louisiana St FL 10,"#N/A",Sylvia Birungi Hospital is the leader in Healthcare in Houston,"#N/A","#N/A",Healthcare,false,"#N/A",Vipe,"#N/A","#N/A",1.713.381.6500,false,false,"#N/A",Never,"#N/A",false,true,"#N/A",Contract Based,Same,No,Houston,US,"#N/A","#N/A","#N/A",77210-4324,TX,P.O. BOX 4324,"#N/A","#N/A","#N/A",Prospect,"#N/A","#N/A","#N/A","#N/A","#N/A","#N/A","#N/A",false,false,false,"#N/A",false,false
d779b550-9656-4d4e-b9dd-8223abfbd611,"#N/A",1.0E8,New York,USA,billing@acme.com,"#N/A","#N/A","#N/A",31349,NY,10 Main Rd.,5.0,"#N/A",(212) 555-5555,0.0,Random,false,"#N/A",Acme,680,"#N/A",(212) 555-5555,false,false,"#N/A","#N/A","#N/A",false,false,"#N/A","#N/A","#N/A","#N/A",New York,USA,"#N/A","#N/A","#N/A",31349,NY,10 Main Rd.,"#N/A",12-3456789,"#N/A",Prospect,"#N/A","#N/A","#N/A","#N/A","#N/A","#N/A","#N/A",false,false,false,"#N/A",false,false
dbcb2f95-52d2-48ce-b0e0-01c5845a6277,"#N/A",3.2618759E10,Lakeland,United States,"#N/A","#N/A","#N/A","#N/A",33811-3311,FL,3300 Publix Corp Pkwy,"#N/A","Mecurial, Inc. is the leader in Retail in Lakeland","#N/A","#N/A",Retail,false,"#N/A",Skyba,"#N/A","#N/A",1.863.688.1188,false,false,"#N/A",Never,"#N/A",false,true,"#N/A",Contract Based,Same,No,Lakeland,US,"#N/A","#N/A","#N/A",33802-0407,FL,P.O. BOX 407,"#N/A","#N/A","#N/A",Customer,"#N/A","#N/A","#N/A","#N/A","#N/A","#N/A","#N/A",false,false,false,"#N/A",false,false
dc1a6942-d085-42d7-8dd6-270070f06016,"#N/A","#N/A","#N/A","#N/A",test@test.com,"#N/A","#N/A","#N/A","#N/A","#N/A","#N/A","#N/A","#N/A","#N/A","#N/A","#N/A",false,"#N/A",16Nov2021 VCS Account,"#N/A","#N/A","#N/A",false,false,"#N/A",Never,"#N/A",false,true,"#N/A",Contract Based,Same,No,"#N/A","#N/A","#N/A","#N/A","#N/A","#N/A","#N/A","#N/A","#N/A","#N/A",Pass,Reseller,"#N/A","#N/A","#N/A","#N/A","#N/A","#N/A","#N/A",false,false,false,"#N/A",false,false
dd90385a-7ddb-4788-a342-7d37bfbcf194,"#N/A",1.58331476E8,Melbourne,Australia,"#N/A","#N/A","#N/A","#N/A",3000,VIC,200 Elizabeth Street,"#N/A",Galaxy Corp is the leader in Banking in Melbourne,"#N/A","#N/A",Banking,false,"#N/A",Mycat,"#N/A","#N/A",(03) 7578 7328,false,false,"#N/A",Never,"#N/A",false,true,"#N/A",Contract Based,Same,No,Melbourne,Australia,"#N/A","#N/A","#N/A",3000,VIC,200 Elizabeth Street,"#N/A","#N/A","#N/A",Customer,"#N/A","#N/A","#N/A","#N/A","#N/A","#N/A","#N/A",false,false,false,"#N/A",false,false
de6ee9db-87da-42bb-ba8d-6086945aa100,"#N/A",1.38477E11,San Ramon,United States,"#N/A","#N/A","#N/A","#N/A",94583-2324,CA,6001 Bollinger Canyon Rd,"#N/A",Audioshore is the leader in Technology in San Ramon,"#N/A","#N/A",Technology,false,"#N/A",Noba,"#N/A","#N/A",1.925.842.1000,false,false,"#N/A",Never,"#N/A",false,true,"#N/A",Contract Based,Same,No,"#N/A","#N/A","#N/A","#N/A","#N/A","#N/A","#N/A","#N/A","#N/A","#N/A","#N/A",Customer,"#N/A","#N/A","#N/A","#N/A","#N/A","#N/A","#N/A",false,false,false,"#N/A",false,false
decbf90c-0dd5-466c-8deb-a05452591608,"#N/A",4.12752795E8,Avoca Beach,Australia,"#N/A","#N/A","#N/A","#N/A",2251,NSW,18 Hillside Rd,"#N/A",CL North is the leader in Healthcare in Avoca Beach,"#N/A","#N/A",Healthcare,false,"#N/A",Photolist,"#N/A","#N/A",(02) 7233 8627,false,false,"#N/A",Never,"#N/A",false,true,"#N/A",Contract Based,Same,No,Avoca Beach,Australia,"#N/A","#N/A","#N/A",2251,NSW,18 Hillside Rd,"#N/A","#N/A","#N/A",Customer,"#N/A","#N/A","#N/A","#N/A","#N/A","#N/A","#N/A",false,false,false,"#N/A",false,false
e069da78-1421-40d6-a5cf-27f36d0ef1dc,"#N/A",4.1373E10,Springdale,United States,"#N/A","#N/A","#N/A","#N/A",72762-6901,AR,2200 W Don Tyson Pkwy,"#N/A",Newslync is the leader in Media in Springdale,"#N/A","#N/A",Media,false,"#N/A",Meevee,"#N/A","#N/A",1.479.290.4000,false,false,"#N/A",Never,"#N/A",false,true,"#N/A",Contract Based,Same,No,Springdale,US,"#N/A","#N/A","#N/A",72765-2020,AR,P.O. BOX 2020,"#N/A","#N/A","#N/A",Customer,"#N/A","#N/A","#N/A","#N/A","#N/A","#N/A","#N/A",false,false,false,"#N/A",false,false
e2278e2e-118c-4a8b-9544-8bc9fd7a5ca5,"#N/A",2.9636E10,Deerfield,United States,"#N/A","#N/A","#N/A","#N/A",60015-2565,IL,3 Parkway N Ste 300,"#N/A",SWD Logistics is the leader in Transportation in Deerfield,"#N/A","#N/A",Transportation,false,"#N/A",Dynava,"#N/A","#N/A",1.847.943.4000,false,false,"#N/A",Never,"#N/A",false,true,"#N/A",Contract Based,Same,No,"#N/A","#N/A","#N/A","#N/A","#N/A","#N/A","#N/A",23 Lundy Av,"#N/A","#N/A","#N/A",Prospect,"#N/A","#N/A","#N/A","#N/A","#N/A","#N/A","#N/A",false,false,false,"#N/A",false,false
e4257256-fb15-43e0-8a17-cc1c90bb9de4,"#N/A",7.76395463E8,Tokyo,Japan,"#N/A","#N/A","#N/A","#N/A","#N/A","#N/A",1-7-1 Konan Minato-ku,"#N/A",Wernham Hogg is the leader in Telecommunications,"#N/A","#N/A",Telecommunications,false,"#N/A",Browsedrive,"#N/A","#N/A","#N/A",false,false,"#N/A",Never,"#N/A",false,true,"#N/A",Contract Based,Same,No,"#N/A","#N/A","#N/A","#N/A","#N/A","#N/A","#N/A",4 Riverside Rd,"#N/A","#N/A","#N/A",Customer,"#N/A","#N/A","#N/A","#N/A","#N/A","#N/A","#N/A",false,false,false,"#N/A",false,false
e9bc4aa7-d424-4bd6-9cab-2a74044f6ce4,"#N/A",1.03355E11,Palo Alto,United States,"#N/A","#N/A","#N/A","#N/A",94304-1126,CA,1501 Page Mill Rd,"#N/A",Kumatsu Motors is the leader in Automotive in Palo Alto,"#N/A","#N/A",Automotive,false,"#N/A",Oodoo,"#N/A","#N/A",1.650.857.1501,false,false,"#N/A",Never,"#N/A",false,true,"#N/A",Contract Based,Same,No,Palo Alto,US,"#N/A","#N/A","#N/A",94303-0890,CA,P.O. BOX 10301,"#N/A","#N/A","#N/A",Customer,"#N/A","#N/A","#N/A","#N/A","#N/A","#N/A","#N/A",false,false,false,"#N/A",false,false
e9bf4039-ed13-4699-b39f-269ad0255c57,"#N/A",7.58251458E8,Seattle,USA,"#N/A","#N/A","#N/A","#N/A","#N/A",WA,1483 Alaskan Way,"#N/A",Susannah St-Germain Hospital is the leader in Healthcare in Seattle,"#N/A","#N/A",Healthcare,false,"#N/A",Yakitri,"#N/A","#N/A",(555) 561-5555,false,false,"#N/A",Never,"#N/A",false,true,"#N/A",Contract Based,Same,No,"#N/A","#N/A","#N/A","#N/A","#N/A","#N/A","#N/A","#N/A","#N/A","#N/A","#N/A",Customer,"#N/A","#N/A","#N/A","#N/A","#N/A","#N/A","#N/A",false,false,false,"#N/A",false,false
ea06cd35-ad47-4b8f-9303-b479e0b0f7b8,"#N/A",7.3908E10,New York,United States,"#N/A","#N/A","#N/A","#N/A",10017-5592,NY,120 Park Ave FL 6,"#N/A",Leza College of Engineering is the leader in Higher Education in New York,"#N/A","#N/A",Higher Education,false,"#N/A",Wikizz,"#N/A","#N/A",1.917.663.2000,false,false,"#N/A",Never,"#N/A",false,true,"#N/A",Contract Based,Same,No,"#N/A","#N/A","#N/A","#N/A","#N/A","#N/A","#N/A","#N/A","#N/A","#N/A","#N/A",Customer,"#N/A","#N/A","#N/A","#N/A","#N/A","#N/A","#N/A",false,false,false,"#N/A",false,false
ead26006-6382-46b8-8702-b74a2e5cffae,"#N/A",5.0687142E10,Bloomington,United States,"#N/A","#N/A","#N/A","#N/A",61710-0001,IL,1 State Farm Plz,"#N/A",Delphi Energy is the leader in Energy in Bloomington,"#N/A","#N/A",Energy,false,"#N/A",Pixonyx,"#N/A","#N/A",1.309.766.2311,false,false,"#N/A",Never,"#N/A",false,true,"#N/A",Contract Based,Same,No,"#N/A","#N/A","#N/A","#N/A","#N/A","#N/A","#N/A","#N/A","#N/A","#N/A","#N/A",Prospect,"#N/A","#N/A","#N/A","#N/A","#N/A","#N/A","#N/A",false,false,false,"#N/A",false,false
ed7f386b-6f17-49a1-8376-02084bafcb25,"#N/A",5.29570951E8,Ballan,Australia,"#N/A","#N/A","#N/A","#N/A",3342,VIC,18 McMahon Dr,"#N/A",Minuteman Cafe is the leader in Apparel in Ballan,"#N/A","#N/A",Apparel,false,"#N/A",Agimba,"#N/A","#N/A",(03) 8664 6673,false,false,"#N/A",Never,"#N/A",false,true,"#N/A",Contract Based,Same,No,Ballan,Australia,"#N/A","#N/A","#N/A",3342,VIC,18 McMahon Dr,"#N/A","#N/A","#N/A",Customer,"#N/A","#N/A","#N/A","#N/A","#N/A","#N/A","#N/A",false,false,false,"#N/A",false,false
ef20239f-9c2b-4454-859d-2738211b9873,"#N/A",6574015.0,Danbury,United States,"#N/A","#N/A","#N/A","#N/A",6816,CT,5898 Superior Street,"#N/A","#N/A","#N/A","#N/A",Insurance,false,"#N/A",Thoughtblab,"#N/A","#N/A","#N/A",false,false,"#N/A",Never,"#N/A",false,true,"#N/A",Contract Based,Same,No,"#N/A","#N/A","#N/A","#N/A","#N/A","#N/A","#N/A","#N/A","#N/A","#N/A","#N/A",Prospect,"#N/A","#N/A","#N/A","#N/A","#N/A","#N/A","#N/A",false,false,false,"#N/A",false,false
efb12ca0-b7ab-440a-9f65-b3a43d600366,"#N/A",7.9457611E7,Paris,France,"#N/A","#N/A","#N/A","#N/A","#N/A",Paris,75716,"#N/A",Sto Plains Holdings is the leader in Agriculture in Paris,"#N/A","#N/A",Agriculture,false,"#N/A",Plambee,"#N/A","#N/A","#N/A",false,false,"#N/A",Never,"#N/A",false,true,"#N/A",Contract Based,Same,No,"#N/A","#N/A","#N/A","#N/A","#N/A","#N/A","#N/A","#N/A","#N/A","#N/A","#N/A",Customer,"#N/A","#N/A","#N/A","#N/A","#N/A","#N/A","#N/A",false,false,false,"#N/A",false,false
f006c775-6747-440a-bd6c-8363eb6ebcc4,"#N/A",3.8581E10,Morris Plains,United States,"#N/A","#N/A","#N/A","#N/A",07950-2546,NJ,115 Tabor Rd,"#N/A",Jupiter Consulting is the leader in Energy in Morris Plains,"#N/A","#N/A",Energy,false,"#N/A",Uidoo,"#N/A","#N/A",1.973.455.2000,false,false,"#N/A",Never,"#N/A",false,true,"#N/A",Contract Based,Same,No,"#N/A","#N/A","#N/A","#N/A","#N/A","#N/A","#N/A","#N/A","#N/A","#N/A","#N/A",Customer,"#N/A","#N/A","#N/A","#N/A","#N/A","#N/A","#N/A",false,false,false,"#N/A",false,false
f068abdc-fe45-4877-a6de-1339dbf4968e,"#N/A",1.03444E11,Deerfield,United States,"#N/A","#N/A","#N/A","#N/A",60015-5145,IL,108 Wilmot Rd,"#N/A","Civic Wealth, Inc. is the leader in Financial Services in Deerfield","#N/A","#N/A",Financial Services,false,"#N/A",Mydo,"#N/A","#N/A",1.847.315.2500,false,false,"#N/A",Never,"#N/A",false,true,"#N/A",Contract Based,Same,No,"#N/A","#N/A","#N/A","#N/A","#N/A","#N/A","#N/A",200 George Street,"#N/A","#N/A","#N/A",Customer,"#N/A","#N/A","#N/A","#N/A","#N/A","#N/A","#N/A",false,false,false,"#N/A",false,false
f26d233a-47cc-4c45-b05a-b49f378d8ea0,"#N/A",7.70881668E8,Melbourne,Australia,"#N/A","#N/A","#N/A","#N/A",3000,VIC,45 Spring Street,"#N/A",Globo Gym American Corp is the leader in Hospitality in Melbourne,"#N/A","#N/A",Hospitality,false,"#N/A",Devcast,"#N/A","#N/A",(03) 8426 7995,false,false,"#N/A",Never,"#N/A",false,true,"#N/A",Contract Based,Same,No,Melbourne,Australia,"#N/A","#N/A","#N/A",3000,VIC,45 Spring Street,"#N/A","#N/A","#N/A",Customer,"#N/A","#N/A","#N/A","#N/A","#N/A","#N/A","#N/A",false,false,false,"#N/A",false,false
f394c477-1fc8-4042-a019-34fc2ecf2cea,"#N/A",8.9244318E7,Middlesex,United Kingdom,"#N/A","#N/A","#N/A","#N/A","#N/A",London,980 Great West Road,"#N/A",TF South is the leader in Healthcare in Middlesex,"#N/A","#N/A",Healthcare,false,"#N/A",Chatterpoint,"#N/A","#N/A","#N/A",false,false,"#N/A",Never,"#N/A",false,true,"#N/A",Contract Based,Same,No,"#N/A","#N/A","#N/A","#N/A","#N/A","#N/A","#N/A","#N/A","#N/A","#N/A","#N/A",Customer,"#N/A","#N/A","#N/A","#N/A","#N/A","#N/A","#N/A",false,false,false,"#N/A",false,false
f3b72021-3233-4c36-b647-c189f0201547,"#N/A",2.5146E10,Hoffman Estates,United States,"#N/A","#N/A","#N/A","#N/A",60179-0001,IL,3333 Beverly Rd,"#N/A",SocialScaling is the leader in Communications in Hoffman Estates,"#N/A","#N/A",Communications,false,"#N/A",Jabbersphere,"#N/A","#N/A",1.847.286.2500,false,false,"#N/A",Never,"#N/A",false,true,"#N/A",Contract Based,Same,No,"#N/A","#N/A","#N/A","#N/A","#N/A","#N/A","#N/A","#N/A","#N/A","#N/A","#N/A",Customer,"#N/A","#N/A","#N/A","#N/A","#N/A","#N/A","#N/A",false,false,false,"#N/A",false,false
f945c1e9-5290-4820-bd22-ee3f81a61e95,"#N/A",2.8987E10,New York,United States,"#N/A","#N/A","#N/A","#N/A",10036-8701,NY,1211 Ave of The Americas,"#N/A",Enginomics is the leader in Automotive in New York,"#N/A","#N/A",Automotive,false,"#N/A",Twiyo,"#N/A","#N/A",1.212.852.7000,false,false,"#N/A",Never,"#N/A",false,true,"#N/A",Contract Based,Same,No,"#N/A","#N/A","#N/A","#N/A","#N/A","#N/A","#N/A",178 Campbell Parade,"#N/A","#N/A","#N/A",Customer,"#N/A","#N/A","#N/A","#N/A","#N/A","#N/A","#N/A",false,false,false,"#N/A",false,false
fa068bc0-228d-40f6-bce7-6fbbfe0532da,"#N/A",9.02787175E8,Melbourne,Australia,"#N/A","#N/A","#N/A","#N/A",3000,VIC,350 Collins Street,"#N/A",Extensive Enterprise is the leader in Construction in Melbourne,"#N/A","#N/A",Construction,false,"#N/A",Zoovu,"#N/A","#N/A",(03) 8967 7597,false,false,"#N/A",Never,"#N/A",false,true,"#N/A",Contract Based,Same,No,Melbourne,Australia,"#N/A","#N/A","#N/A",3000,VIC,350 Collins Street,"#N/A","#N/A","#N/A",Customer,"#N/A","#N/A","#N/A","#N/A","#N/A","#N/A","#N/A",false,false,false,"#N/A",false,false
fa0b2631-1112-4519-b2f6-d4f66cd01d48,"#N/A",6.3056E10,Purchase,United States,"#N/A","#N/A","#N/A","#N/A",10577-1444,NY,700 Anderson Hill Rd,"#N/A",General Services Corporation is the leader in Hospitality in Purchase,"#N/A","#N/A",Hospitality,false,"#N/A",Yamia,"#N/A","#N/A",1.914.253.2000,false,false,"#N/A",Never,"#N/A",false,true,"#N/A",Contract Based,Same,No,"#N/A","#N/A","#N/A","#N/A","#N/A","#N/A","#N/A","#N/A","#N/A","#N/A","#N/A",Prospect,"#N/A","#N/A","#N/A","#N/A","#N/A","#N/A","#N/A",false,false,false,"#N/A",false,false
fd05a623-f337-4b9c-82b2-fd9b04237ce3,"#N/A",2.1153104E7,Houston,United States,"#N/A","#N/A","#N/A","#N/A",77228,TX,2591 Vidon Court,"#N/A","#N/A","#N/A","#N/A",Manufacturing,false,"#N/A",Quatz,"#N/A","#N/A","#N/A",false,false,"#N/A",Never,"#N/A",false,true,"#N/A",Contract Based,Same,No,"#N/A","#N/A","#N/A","#N/A","#N/A","#N/A","#N/A","#N/A","#N/A","#N/A","#N/A",Prospect,"#N/A","#N/A","#N/A","#N/A","#N/A","#N/A","#N/A",false,false,false,"#N/A",false,false
fe271183-0f8c-4d54-a0be-46d539c0442c,"#N/A",4.528576E8,Paris,France,"#N/A","#N/A","#N/A","#N/A","#N/A","#N/A",75010,"#N/A",Trevor Ferrin Hospital is the leader in Healthcare,"#N/A","#N/A",Healthcare,false,"#N/A",Yakidoo,"#N/A","#N/A","#N/A",false,false,"#N/A",Never,"#N/A",false,true,"#N/A",Contract Based,Same,No,"#N/A","#N/A","#N/A","#N/A","#N/A","#N/A","#N/A","#N/A","#N/A","#N/A","#N/A",Customer,"#N/A","#N/A","#N/A","#N/A","#N/A","#N/A","#N/A",false,false,false,"#N/A",false,false
